==================== 2026-06-07T18:35:39.173746Z | 00000000-0000-0000-0000-000000000000 ====================
==================== 2026-06-07T18:35:39.173926Z | 75a3a0e7-c8de-4543-b51a-6ba539641a1f ====================
18:35:39.173940 [info ]: Starting dbt LSP server
18:35:39.173956 [info ]: Connecting to LSP client on port 8000
18:35:39.177389 [info ]: Successfully connected to LSP client
18:35:39.177412 [info ]: Creating LSP service...
18:35:39.345599 [info ]: Creating LSP server...
18:35:39.345635 [info ]: Starting LSP server...
18:35:39.466670 [info ]: Loading ~/.dbt/profiles.yml
18:35:39.567440 [info ]: Waiting for lease on 'target' directory
18:35:40.008143 [info ]: Started loading project
18:35:40.008685 [info ]: Loading ~/.dbt/profiles.yml
18:35:40.020660 [debug]:    Started loading packages
18:35:40.021472 [debug]:     Loaded [  0.00s] packages
18:35:40.022250 [info ]: Finished loading project [  0.01s]
18:35:40.022711 [info ]: Started parsing
18:35:40.070465 [debug]: Finished parsing trading_log_dbt/models/staging/sources.yml [  0.00s]
18:35:40.074551 [debug]: Finished parsing trading_log_dbt/models/marts/int_filtering.sql [  0.00s]
18:35:40.076629 [debug]: Finished parsing trading_log_dbt/models/staging/stg_tradelog.sql [  0.00s]
18:35:40.080938 [info ]: Cached model count updated: 2 models (estimate)
18:35:40.081204 [info ]: Finished parsing [  0.06s]
18:35:40.081456 [info ]: Cached model count updated: 2 models (accurate)
18:35:40.081744 [info ]: Started scheduling
18:35:40.081935 [info ]: Finished scheduling [  0.00s]
18:35:40.081948 [debug]: Compilation - 1 nodes selected: {"model.trading_log_dbt.stg_tradelog"}
18:35:40.081978 [info ]: Started scheduling
18:35:40.081997 [info ]: Finished scheduling [  0.00s]
18:35:40.104672 [debug]: No platform credentials found, skipping remote license
18:35:40.105055 [debug]: License check failed: Feature not licensed: 'lineage'
18:35:40.105962 [info ]: Started building task graph
18:35:40.106048 [info ]: Finished building task graph [  0.00s]
18:35:40.110745 [info ]: Started rendering (1 nodes)
18:35:40.110974 [info ]: Started model main.stg_tradelog
18:35:40.111199 [debug]: Started rendering model main.stg_tradelog
18:35:40.115613 [debug]: Compiled SQL for node model.trading_log_dbt.stg_tradelog at target/.lsp/compiled/trading_log_dbt/trading_log_dbt/models/staging/stg_tradelog.sql
18:35:40.116911 [debug]: Finished rendering [  0.01s] model main.stg_tradelog [success]
18:35:40.118065 [info ]: Finished rendering [  0.01s] (1 nodes, 0 skipped, 0 errors)
18:35:40.118101 [info ]: Started analyzing (1 nodes)
18:35:40.118113 [debug]: Started analyzing model main.stg_tradelog
18:35:40.144726 [debug]: Finished analyzing [  0.03s] model main.stg_tradelog [success]
18:35:40.145010 [info ]: Finished analyzing [  0.03s] (1 nodes, 0 skipped, 0 errors)
18:35:40.145024 [info ]:  Succeeded [  0.03s] model main.stg_tradelog (view)
18:35:40.157946 [info ]: Started scheduling
18:35:40.159811 [info ]: Finished scheduling [  0.00s]
18:35:40.160226 [info ]: Cached model count updated: 2 models (accurate)
18:35:41.280270 [debug]: License check failed: Feature not licensed: 'lineage'
18:35:42.662774 [info ]: Started loading project
18:35:42.663999 [info ]: Loading ~/.dbt/profiles.yml
18:35:42.694863 [info ]: Cached model count updated: 2 models (estimate)
18:35:42.694898 [info ]: Cached model count updated: 2 models (accurate)
18:35:42.694922 [info ]: Started scheduling
18:35:42.694970 [info ]: Finished scheduling [  0.00s]
18:35:42.694983 [debug]: Compilation - 1 nodes selected: {"model.trading_log_dbt.stg_tradelog"}
18:35:42.697054 [debug]: License check failed: Feature not licensed: 'lineage'
18:35:42.697568 [info ]: Started building task graph
18:35:42.697606 [info ]: Finished building task graph [  0.00s]
18:35:42.698526 [info ]: Started rendering (1 nodes)
18:35:42.698565 [info ]: Started model main.stg_tradelog
18:35:42.698580 [debug]: Started rendering model main.stg_tradelog
18:35:42.698713 [info ]: Finished loading project [  0.04s]
18:35:42.698976 [debug]: Compiled SQL for node model.trading_log_dbt.stg_tradelog at target/.lsp/compiled/trading_log_dbt/trading_log_dbt/models/staging/stg_tradelog.sql
18:35:42.699130 [debug]: Finished rendering [  0.00s] model main.stg_tradelog [success]
18:35:42.699149 [info ]: Finished rendering [  0.00s] (1 nodes, 0 skipped, 0 errors)
18:35:42.699166 [info ]: Started analyzing (1 nodes)
18:35:42.699173 [debug]: Started analyzing model main.stg_tradelog
18:35:42.699838 [debug]: Finished analyzing [  0.00s] model main.stg_tradelog [success]
18:35:42.699869 [info ]: Finished analyzing [  0.00s] (1 nodes, 0 skipped, 0 errors)
18:35:42.699879 [info ]:  Succeeded [-------] model main.stg_tradelog (view)
18:35:42.702521 [info ]: Started scheduling
18:35:42.702562 [info ]: Finished scheduling [  0.00s]
18:35:42.702986 [info ]: Cached model count updated: 2 models (accurate)
18:35:44.403378 [debug]: License check failed: Feature not licensed: 'lineage'
18:35:45.212642 [debug]: License check failed: Feature not licensed: 'lineage'
18:35:47.620465 [debug]: License check failed: Feature not licensed: 'lineage'
18:35:51.029451 [debug]: License check failed: Feature not licensed: 'lineage'
18:36:14.797595 [debug]: License check failed: Feature not licensed: 'lineage'
18:36:21.676471 [debug]: License check failed: Feature not licensed: 'lineage'
18:36:26.051056 [debug]: License check failed: Feature not licensed: 'lineage'
18:36:30.622384 [debug]: License check failed: Feature not licensed: 'lineage'
18:36:34.968270 [debug]: License check failed: Feature not licensed: 'lineage'
18:36:35.744961 [debug]: License check failed: Feature not licensed: 'lineage'
18:36:46.128295 [debug]: License check failed: Feature not licensed: 'lineage'
18:37:13.170364 [debug]: License check failed: Feature not licensed: 'lineage'
18:37:15.464408 [debug]: License check failed: Feature not licensed: 'lineage'
18:37:20.617617 [debug]: License check failed: Feature not licensed: 'lineage'
18:37:26.297743 [debug]: License check failed: Feature not licensed: 'lineage'
18:37:35.148874 [info ]: Cached model count updated: 2 models (accurate)
18:37:35.149057 [info ]: Waiting for lease on 'target' directory
18:37:35.711734 [info ]: Started loading project
18:37:35.714128 [info ]: Loading ~/.dbt/profiles.yml
18:37:35.721343 [info ]: Started parsing
18:37:35.762243 [info ]: Finished loading project [  0.05s]
18:37:35.763101 [debug]: Finished parsing trading_log_dbt/models/staging/stg_tradelog.sql [  0.00s]
18:37:35.765051 [info ]: Finished parsing [  0.04s]
18:37:35.766245 [info ]: Cached model count updated: 2 models (estimate)
18:37:35.766272 [info ]: Cached model count updated: 2 models (accurate)
18:37:35.766303 [info ]: Started scheduling
18:37:35.766410 [info ]: Finished scheduling [  0.00s]
18:37:35.766456 [debug]: Compilation - 1 nodes selected: {"model.trading_log_dbt.stg_tradelog"}
18:37:35.767174 [debug]: License check failed: Feature not licensed: 'lineage'
18:37:35.767593 [info ]: Started building task graph
18:37:35.767661 [info ]: Finished building task graph [  0.00s]
18:37:35.768363 [info ]: Started rendering (1 nodes)
18:37:35.768396 [info ]: Started model main.stg_tradelog
18:37:35.768410 [debug]: Started rendering model main.stg_tradelog
18:37:35.769266 [debug]: Compiled SQL for node model.trading_log_dbt.stg_tradelog at target/.lsp/compiled/trading_log_dbt/trading_log_dbt/models/staging/stg_tradelog.sql
18:37:35.769412 [debug]: Finished rendering [  0.00s] model main.stg_tradelog [success]
18:37:35.769423 [info ]: Finished rendering [  0.00s] (1 nodes, 0 skipped, 0 errors)
18:37:35.769436 [info ]: Started analyzing (1 nodes)
18:37:35.769441 [debug]: Started analyzing model main.stg_tradelog
18:37:35.774446 [warn ]: [SyntaxInvalid (dbt0101)]: no viable alternative at input 'Rcast(Price as'
  --> trading_log_dbt/models/staging/stg_tradelog.sql:25:21 (target/.lsp/compiled/trading_log_dbt/trading_log_dbt/models/staging/stg_tradelog.sql:37:21)
18:37:35.774708 [info ]:  Succeeded [  0.01s] model main.stg_tradelog (view)
18:37:35.776447 [debug]: Finished analyzing [  0.01s] model main.stg_tradelog [success]
18:37:35.776468 [info ]: Finished analyzing [  0.01s] (1 nodes, 0 skipped, 0 errors)
18:37:35.778771 [info ]: Started scheduling
18:37:35.778898 [info ]: Finished scheduling [  0.00s]
18:37:35.779891 [info ]: Cached model count updated: 2 models (accurate)
18:37:36.211372 [debug]: License check failed: Feature not licensed: 'lineage'
18:37:36.796648 [debug]: License check failed: Feature not licensed: 'lineage'
18:37:37.102568 [info ]: Started loading project
18:37:37.102982 [info ]: Loading ~/.dbt/profiles.yml
18:37:37.198437 [info ]: Cached model count updated: 2 models (estimate)
18:37:37.198474 [info ]: Cached model count updated: 2 models (accurate)
18:37:37.198504 [info ]: Started scheduling
18:37:37.200223 [info ]: Finished scheduling [  0.00s]
18:37:37.200245 [debug]: Compilation - 1 nodes selected: {"model.trading_log_dbt.stg_tradelog"}
18:37:37.201817 [debug]: License check failed: Feature not licensed: 'lineage'
18:37:37.202324 [info ]: Started building task graph
18:37:37.202359 [info ]: Finished building task graph [  0.00s]
18:37:37.203060 [info ]: Started rendering (1 nodes)
18:37:37.203079 [info ]: Started model main.stg_tradelog
18:37:37.203090 [debug]: Started rendering model main.stg_tradelog
18:37:37.203178 [info ]: Finished loading project [  0.10s]
18:37:37.203988 [debug]: Compiled SQL for node model.trading_log_dbt.stg_tradelog at target/.lsp/compiled/trading_log_dbt/trading_log_dbt/models/staging/stg_tradelog.sql
18:37:37.204609 [debug]: Finished rendering [  0.00s] model main.stg_tradelog [success]
18:37:37.204631 [info ]: Finished rendering [  0.00s] (1 nodes, 0 skipped, 0 errors)
18:37:37.204647 [info ]: Started analyzing (1 nodes)
18:37:37.204654 [debug]: Started analyzing model main.stg_tradelog
18:37:37.205624 [warn ]: [SyntaxInvalid (dbt0101)]: no viable alternative at input 'Rcast(Price as'
  --> trading_log_dbt/models/staging/stg_tradelog.sql:25:21 (target/.lsp/compiled/trading_log_dbt/trading_log_dbt/models/staging/stg_tradelog.sql:37:21)
18:37:37.207210 [debug]: Finished analyzing [  0.00s] model main.stg_tradelog [success]
18:37:37.207232 [info ]: Finished analyzing [  0.00s] (1 nodes, 0 skipped, 0 errors)
18:37:37.207241 [info ]:  Succeeded [  0.00s] model main.stg_tradelog (view)
18:37:37.234516 [info ]: Started scheduling
18:37:37.234575 [info ]: Finished scheduling [  0.00s]
18:37:37.235133 [info ]: Cached model count updated: 2 models (accurate)
18:37:38.306354 [debug]: License check failed: Feature not licensed: 'lineage'
18:37:38.523613 [info ]: Started loading project
18:37:38.526544 [info ]: Loading ~/.dbt/profiles.yml
18:37:38.586656 [info ]: Cached model count updated: 2 models (estimate)
18:37:38.587020 [info ]: Cached model count updated: 2 models (accurate)
18:37:38.587279 [info ]: Started scheduling
18:37:38.587543 [info ]: Finished scheduling [  0.00s]
18:37:38.587784 [debug]: Compilation - 1 nodes selected: {"model.trading_log_dbt.stg_tradelog"}
18:37:38.588787 [debug]: License check failed: Feature not licensed: 'lineage'
18:37:38.589257 [info ]: Started building task graph
18:37:38.589296 [info ]: Finished building task graph [  0.00s]
18:37:38.590009 [info ]: Started rendering (1 nodes)
18:37:38.590033 [info ]: Started model main.stg_tradelog
18:37:38.590046 [debug]: Started rendering model main.stg_tradelog
18:37:38.590109 [info ]: Finished loading project [  0.07s]
18:37:38.591052 [debug]: Compiled SQL for node model.trading_log_dbt.stg_tradelog at target/.lsp/compiled/trading_log_dbt/trading_log_dbt/models/staging/stg_tradelog.sql
18:37:38.591791 [debug]: Finished rendering [  0.00s] model main.stg_tradelog [success]
18:37:38.592035 [info ]: Finished rendering [  0.00s] (1 nodes, 0 skipped, 0 errors)
18:37:38.592307 [info ]: Started analyzing (1 nodes)
18:37:38.592577 [debug]: Started analyzing model main.stg_tradelog
18:37:38.593357 [warn ]: [SyntaxInvalid (dbt0101)]: no viable alternative at input 'Rcast(Price as'
  --> trading_log_dbt/models/staging/stg_tradelog.sql:25:21 (target/.lsp/compiled/trading_log_dbt/trading_log_dbt/models/staging/stg_tradelog.sql:37:21)
18:37:38.593632 [debug]: Finished analyzing [  0.00s] model main.stg_tradelog [success]
18:37:38.593650 [info ]: Finished analyzing [  0.00s] (1 nodes, 0 skipped, 0 errors)
18:37:38.593658 [info ]:  Succeeded [  0.00s] model main.stg_tradelog (view)
18:37:38.600406 [info ]: Started scheduling
18:37:38.601016 [info ]: Finished scheduling [  0.00s]
18:37:38.602317 [info ]: Cached model count updated: 2 models (accurate)
18:37:42.568396 [info ]: Started loading project
18:37:42.568832 [info ]: Loading ~/.dbt/profiles.yml
18:37:42.573134 [info ]: Started parsing
18:37:42.611999 [info ]: Finished loading project [  0.04s]
18:37:42.612483 [debug]: Finished parsing trading_log_dbt/models/staging/stg_tradelog.sql [  0.00s]
18:37:42.614675 [info ]: Finished parsing [  0.04s]
18:37:42.615744 [info ]: Cached model count updated: 2 models (estimate)
18:37:42.615766 [info ]: Cached model count updated: 2 models (accurate)
18:37:42.615791 [info ]: Started scheduling
18:37:42.615846 [info ]: Finished scheduling [  0.00s]
18:37:42.615858 [debug]: Compilation - 1 nodes selected: {"model.trading_log_dbt.stg_tradelog"}
18:37:42.616380 [debug]: License check failed: Feature not licensed: 'lineage'
18:37:42.616729 [info ]: Started building task graph
18:37:42.616765 [info ]: Finished building task graph [  0.00s]
18:37:42.617415 [info ]: Started rendering (1 nodes)
18:37:42.617448 [info ]: Started model main.stg_tradelog
18:37:42.617461 [debug]: Started rendering model main.stg_tradelog
18:37:42.618305 [debug]: Compiled SQL for node model.trading_log_dbt.stg_tradelog at target/.lsp/compiled/trading_log_dbt/trading_log_dbt/models/staging/stg_tradelog.sql
18:37:42.618417 [debug]: Finished rendering [  0.00s] model main.stg_tradelog [success]
18:37:42.618607 [info ]: Finished rendering [  0.00s] (1 nodes, 0 skipped, 0 errors)
18:37:42.618632 [info ]: Started analyzing (1 nodes)
18:37:42.618641 [debug]: Started analyzing model main.stg_tradelog
18:37:42.619530 [warn ]: [SyntaxInvalid (dbt0101)]: no viable alternative at input 'ROUND(cast(Price as float) as'
  --> trading_log_dbt/models/staging/stg_tradelog.sql:25:36 (target/.lsp/compiled/trading_log_dbt/trading_log_dbt/models/staging/stg_tradelog.sql:37:36)
18:37:42.619600 [info ]:  Succeeded [-------] model main.stg_tradelog (view)
18:37:42.619646 [debug]: Finished analyzing [  0.00s] model main.stg_tradelog [success]
18:37:42.619655 [info ]: Finished analyzing [  0.00s] (1 nodes, 0 skipped, 0 errors)
18:37:42.622845 [info ]: Started scheduling
18:37:42.622898 [info ]: Finished scheduling [  0.00s]
18:37:42.623957 [info ]: Cached model count updated: 2 models (accurate)
18:37:43.918543 [info ]: Started loading project
18:37:43.918894 [info ]: Loading ~/.dbt/profiles.yml
18:37:43.937610 [debug]: License check failed: Feature not licensed: 'lineage'
18:37:43.984486 [info ]: Cached model count updated: 2 models (estimate)
18:37:43.984532 [info ]: Cached model count updated: 2 models (accurate)
18:37:43.984563 [info ]: Started scheduling
18:37:43.984721 [info ]: Finished scheduling [  0.00s]
18:37:43.984741 [debug]: Compilation - 1 nodes selected: {"model.trading_log_dbt.stg_tradelog"}
18:37:43.987922 [debug]: License check failed: Feature not licensed: 'lineage'
18:37:43.988385 [info ]: Started building task graph
18:37:43.988436 [info ]: Finished building task graph [  0.00s]
18:37:43.989294 [info ]: Started rendering (1 nodes)
18:37:43.989329 [info ]: Started model main.stg_tradelog
18:37:43.989341 [debug]: Started rendering model main.stg_tradelog
18:37:43.989407 [info ]: Finished loading project [  0.07s]
18:37:43.990051 [debug]: Compiled SQL for node model.trading_log_dbt.stg_tradelog at target/.lsp/compiled/trading_log_dbt/trading_log_dbt/models/staging/stg_tradelog.sql
18:37:43.990132 [debug]: Finished rendering [  0.00s] model main.stg_tradelog [success]
18:37:43.990169 [info ]: Finished rendering [  0.00s] (1 nodes, 0 skipped, 0 errors)
18:37:43.990187 [info ]: Started analyzing (1 nodes)
18:37:43.990196 [debug]: Started analyzing model main.stg_tradelog
18:37:43.990864 [warn ]: [SyntaxInvalid (dbt0101)]: no viable alternative at input 'ROUND(cast(Price as float) as'
  --> trading_log_dbt/models/staging/stg_tradelog.sql:25:36 (target/.lsp/compiled/trading_log_dbt/trading_log_dbt/models/staging/stg_tradelog.sql:37:36)
18:37:43.990917 [info ]:  Succeeded [-------] model main.stg_tradelog (view)
18:37:43.994343 [debug]: Finished analyzing [  0.00s] model main.stg_tradelog [success]
18:37:43.994366 [info ]: Finished analyzing [  0.00s] (1 nodes, 0 skipped, 0 errors)
18:37:43.998997 [info ]: Started scheduling
18:37:43.999041 [info ]: Finished scheduling [  0.00s]
18:37:44.001205 [info ]: Cached model count updated: 2 models (accurate)
18:37:45.239050 [info ]: Started loading project
18:37:45.239487 [info ]: Loading ~/.dbt/profiles.yml
18:37:45.259008 [info ]: Cached model count updated: 2 models (estimate)
18:37:45.259053 [info ]: Cached model count updated: 2 models (accurate)
18:37:45.259082 [info ]: Started scheduling
18:37:45.259134 [info ]: Finished scheduling [  0.00s]
18:37:45.259173 [debug]: Compilation - 1 nodes selected: {"model.trading_log_dbt.stg_tradelog"}
18:37:45.260461 [debug]: License check failed: Feature not licensed: 'lineage'
18:37:45.260916 [info ]: Started building task graph
18:37:45.260976 [info ]: Finished building task graph [  0.00s]
18:37:45.261749 [info ]: Started rendering (1 nodes)
18:37:45.261786 [info ]: Started model main.stg_tradelog
18:37:45.261801 [debug]: Started rendering model main.stg_tradelog
18:37:45.261865 [info ]: Finished loading project [  0.02s]
18:37:45.262189 [debug]: Compiled SQL for node model.trading_log_dbt.stg_tradelog at target/.lsp/compiled/trading_log_dbt/trading_log_dbt/models/staging/stg_tradelog.sql
18:37:45.262768 [debug]: Finished rendering [  0.00s] model main.stg_tradelog [success]
18:37:45.262786 [info ]: Finished rendering [  0.00s] (1 nodes, 0 skipped, 0 errors)
18:37:45.262800 [info ]: Started analyzing (1 nodes)
18:37:45.262807 [debug]: Started analyzing model main.stg_tradelog
18:37:45.263633 [warn ]: [SyntaxInvalid (dbt0101)]: no viable alternative at input 'ROUND(cast(Price as float) as'
  --> trading_log_dbt/models/staging/stg_tradelog.sql:25:36 (target/.lsp/compiled/trading_log_dbt/trading_log_dbt/models/staging/stg_tradelog.sql:37:36)
18:37:45.263695 [info ]:  Succeeded [-------] model main.stg_tradelog (view)
18:37:45.264641 [debug]: Finished analyzing [  0.00s] model main.stg_tradelog [success]
18:37:45.264661 [info ]: Finished analyzing [  0.00s] (1 nodes, 0 skipped, 0 errors)
18:37:45.272370 [info ]: Started scheduling
18:37:45.272425 [info ]: Finished scheduling [  0.00s]
18:37:45.273292 [info ]: Cached model count updated: 2 models (accurate)
18:37:48.778838 [info ]: Started loading project
18:37:48.779608 [info ]: Loading ~/.dbt/profiles.yml
18:37:48.792293 [info ]: Started parsing
18:37:48.865244 [info ]: Finished loading project [  0.09s]
18:37:48.866192 [debug]: Finished parsing trading_log_dbt/models/staging/stg_tradelog.sql [  0.00s]
18:37:48.869043 [info ]: Finished parsing [  0.08s]
18:37:48.870665 [info ]: Cached model count updated: 2 models (estimate)
18:37:48.870695 [info ]: Cached model count updated: 2 models (accurate)
18:37:48.870728 [info ]: Started scheduling
18:37:48.870793 [info ]: Finished scheduling [  0.00s]
18:37:48.870806 [debug]: Compilation - 1 nodes selected: {"model.trading_log_dbt.stg_tradelog"}
18:37:48.871563 [debug]: License check failed: Feature not licensed: 'lineage'
18:37:48.872042 [info ]: Started building task graph
18:37:48.872104 [info ]: Finished building task graph [  0.00s]
18:37:48.872771 [info ]: Started rendering (1 nodes)
18:37:48.872807 [info ]: Started model main.stg_tradelog
18:37:48.872823 [debug]: Started rendering model main.stg_tradelog
18:37:48.873983 [debug]: Compiled SQL for node model.trading_log_dbt.stg_tradelog at target/.lsp/compiled/trading_log_dbt/trading_log_dbt/models/staging/stg_tradelog.sql
18:37:48.874118 [debug]: Finished rendering [  0.00s] model main.stg_tradelog [success]
18:37:48.874138 [info ]: Finished rendering [  0.00s] (1 nodes, 0 skipped, 0 errors)
18:37:48.874180 [info ]: Started analyzing (1 nodes)
18:37:48.874188 [debug]: Started analyzing model main.stg_tradelog
18:37:48.875922 [debug]: Finished analyzing [  0.00s] model main.stg_tradelog [success]
18:37:48.875949 [info ]: Finished analyzing [  0.00s] (1 nodes, 0 skipped, 0 errors)
18:37:48.875959 [info ]:  Succeeded [  0.00s] model main.stg_tradelog (view)
18:37:48.879235 [info ]: Started scheduling
18:37:48.879303 [info ]: Finished scheduling [  0.00s]
18:37:48.880251 [info ]: Cached model count updated: 2 models (accurate)
18:37:49.702705 [debug]: License check failed: Feature not licensed: 'lineage'
18:37:50.113630 [info ]: Started loading project
18:37:50.113997 [info ]: Loading ~/.dbt/profiles.yml
18:37:50.172081 [info ]: Cached model count updated: 2 models (estimate)
18:37:50.175551 [info ]: Cached model count updated: 2 models (accurate)
18:37:50.175802 [info ]: Started scheduling
18:37:50.176071 [info ]: Finished scheduling [  0.00s]
18:37:50.177223 [debug]: Compilation - 1 nodes selected: {"model.trading_log_dbt.stg_tradelog"}
18:37:50.179524 [debug]: License check failed: Feature not licensed: 'lineage'
18:37:50.179936 [info ]: Started building task graph
18:37:50.179974 [info ]: Finished building task graph [  0.00s]
18:37:50.184679 [info ]: Started rendering (1 nodes)
18:37:50.184709 [info ]: Started model main.stg_tradelog
18:37:50.184723 [debug]: Started rendering model main.stg_tradelog
18:37:50.184780 [info ]: Finished loading project [  0.07s]
18:37:50.185639 [debug]: Compiled SQL for node model.trading_log_dbt.stg_tradelog at target/.lsp/compiled/trading_log_dbt/trading_log_dbt/models/staging/stg_tradelog.sql
18:37:50.185708 [debug]: Finished rendering [  0.00s] model main.stg_tradelog [success]
18:37:50.185726 [info ]: Finished rendering [  0.00s] (1 nodes, 0 skipped, 0 errors)
18:37:50.185743 [info ]: Started analyzing (1 nodes)
18:37:50.185751 [debug]: Started analyzing model main.stg_tradelog
18:37:50.186438 [debug]: Finished analyzing [  0.00s] model main.stg_tradelog [success]
18:37:50.186465 [info ]: Finished analyzing [  0.00s] (1 nodes, 0 skipped, 0 errors)
18:37:50.186474 [info ]:  Succeeded [-------] model main.stg_tradelog (view)
18:37:50.193778 [info ]: Started scheduling
18:37:50.193816 [info ]: Finished scheduling [  0.00s]
18:37:50.197092 [info ]: Cached model count updated: 2 models (accurate)
18:37:51.173356 [info ]: Started loading project
18:37:51.173725 [info ]: Loading ~/.dbt/profiles.yml
18:37:51.178567 [info ]: Started parsing
18:37:51.259107 [debug]: Finished parsing trading_log_dbt/models/staging/stg_tradelog.sql [  0.00s]
18:37:51.264389 [info ]: Finished loading project [  0.09s]
18:37:51.267651 [info ]: Finished parsing [  0.09s]
18:37:51.270489 [info ]: Cached model count updated: 2 models (estimate)
18:37:51.270511 [info ]: Cached model count updated: 2 models (accurate)
18:37:51.270694 [info ]: Started scheduling
18:37:51.270753 [info ]: Finished scheduling [  0.00s]
18:37:51.270765 [debug]: Compilation - 1 nodes selected: {"model.trading_log_dbt.stg_tradelog"}
18:37:51.271752 [debug]: License check failed: Feature not licensed: 'lineage'
18:37:51.272270 [info ]: Started building task graph
18:37:51.272316 [info ]: Finished building task graph [  0.00s]
18:37:51.273327 [info ]: Started rendering (1 nodes)
18:37:51.273349 [info ]: Started model main.stg_tradelog
18:37:51.273363 [debug]: Started rendering model main.stg_tradelog
18:37:51.274670 [debug]: Compiled SQL for node model.trading_log_dbt.stg_tradelog at target/.lsp/compiled/trading_log_dbt/trading_log_dbt/models/staging/stg_tradelog.sql
18:37:51.274863 [debug]: Finished rendering [  0.00s] model main.stg_tradelog [success]
18:37:51.274876 [info ]: Finished rendering [  0.00s] (1 nodes, 0 skipped, 0 errors)
18:37:51.274890 [info ]: Started analyzing (1 nodes)
18:37:51.274897 [debug]: Started analyzing model main.stg_tradelog
18:37:51.276109 [debug]: Finished analyzing [  0.00s] model main.stg_tradelog [success]
18:37:51.276122 [info ]: Finished analyzing [  0.00s] (1 nodes, 0 skipped, 0 errors)
18:37:51.276128 [info ]:  Succeeded [  0.00s] model main.stg_tradelog (view)
18:37:51.280118 [info ]: Started scheduling
18:37:51.280203 [info ]: Finished scheduling [  0.00s]
18:37:51.283420 [info ]: Cached model count updated: 2 models (accurate)
18:37:52.164291 [debug]: License check failed: Feature not licensed: 'lineage'
18:37:52.538510 [info ]: Started loading project
18:37:52.540522 [info ]: Loading ~/.dbt/profiles.yml
18:37:52.600017 [info ]: Cached model count updated: 2 models (estimate)
18:37:52.604584 [info ]: Cached model count updated: 2 models (accurate)
18:37:52.604870 [info ]: Started scheduling
18:37:52.605115 [info ]: Finished scheduling [  0.00s]
18:37:52.605319 [debug]: Compilation - 1 nodes selected: {"model.trading_log_dbt.stg_tradelog"}
18:37:52.608301 [debug]: License check failed: Feature not licensed: 'lineage'
18:37:52.608783 [info ]: Started building task graph
18:37:52.608826 [info ]: Finished building task graph [  0.00s]
18:37:52.609772 [info ]: Started rendering (1 nodes)
18:37:52.609967 [info ]: Started model main.stg_tradelog
18:37:52.610173 [debug]: Started rendering model main.stg_tradelog
18:37:52.610441 [info ]: Finished loading project [  0.07s]
18:37:52.614010 [debug]: Compiled SQL for node model.trading_log_dbt.stg_tradelog at target/.lsp/compiled/trading_log_dbt/trading_log_dbt/models/staging/stg_tradelog.sql
18:37:52.614175 [info ]: Started analyzing (1 nodes)
18:37:52.614187 [debug]: Started analyzing model main.stg_tradelog
18:37:52.614241 [debug]: Finished rendering [  0.00s] model main.stg_tradelog [success]
18:37:52.614253 [info ]: Finished rendering [  0.00s] (1 nodes, 0 skipped, 0 errors)
18:37:52.614931 [debug]: Finished analyzing [  0.00s] model main.stg_tradelog [success]
18:37:52.614943 [info ]: Finished analyzing [  0.00s] (1 nodes, 0 skipped, 0 errors)
18:37:52.614951 [info ]:  Succeeded [  0.00s] model main.stg_tradelog (view)
18:37:52.629290 [info ]: Started scheduling
18:37:52.632931 [info ]: Finished scheduling [  0.00s]
18:37:52.634004 [info ]: Cached model count updated: 2 models (accurate)
18:37:53.438436 [debug]: License check failed: Feature not licensed: 'lineage'
18:37:53.942328 [info ]: Started loading project
18:37:53.942684 [info ]: Loading ~/.dbt/profiles.yml
18:37:53.961222 [info ]: Cached model count updated: 2 models (estimate)
18:37:53.961258 [info ]: Cached model count updated: 2 models (accurate)
18:37:53.961285 [info ]: Started scheduling
18:37:53.961331 [info ]: Finished scheduling [  0.00s]
18:37:53.961345 [debug]: Compilation - 1 nodes selected: {"model.trading_log_dbt.stg_tradelog"}
18:37:53.962223 [debug]: License check failed: Feature not licensed: 'lineage'
18:37:53.962609 [info ]: Started building task graph
18:37:53.962660 [info ]: Finished building task graph [  0.00s]
18:37:53.963328 [info ]: Started rendering (1 nodes)
18:37:53.963360 [info ]: Started model main.stg_tradelog
18:37:53.963373 [debug]: Started rendering model main.stg_tradelog
18:37:53.963423 [info ]: Finished loading project [  0.02s]
18:37:53.963777 [debug]: Compiled SQL for node model.trading_log_dbt.stg_tradelog at target/.lsp/compiled/trading_log_dbt/trading_log_dbt/models/staging/stg_tradelog.sql
18:37:53.963834 [debug]: Finished rendering [  0.00s] model main.stg_tradelog [success]
18:37:53.963866 [info ]: Finished rendering [  0.00s] (1 nodes, 0 skipped, 0 errors)
18:37:53.963881 [info ]: Started analyzing (1 nodes)
18:37:53.963897 [debug]: Started analyzing model main.stg_tradelog
18:37:53.964602 [debug]: Finished analyzing [  0.00s] model main.stg_tradelog [success]
18:37:53.964628 [info ]: Finished analyzing [  0.00s] (1 nodes, 0 skipped, 0 errors)
18:37:53.964637 [info ]:  Succeeded [-------] model main.stg_tradelog (view)
18:37:53.967196 [info ]: Started scheduling
18:37:53.967240 [info ]: Finished scheduling [  0.00s]
18:37:53.967600 [info ]: Cached model count updated: 2 models (accurate)
18:37:54.784700 [debug]: License check failed: Feature not licensed: 'lineage'
18:37:58.871123 [info ]: Started loading project
18:37:58.872292 [info ]: Loading ~/.dbt/profiles.yml
18:37:58.881578 [info ]: Started parsing
18:37:58.962900 [info ]: Finished loading project [  0.09s]
18:37:58.963654 [debug]: Finished parsing trading_log_dbt/models/staging/stg_tradelog.sql [  0.00s]
18:37:58.965894 [info ]: Finished parsing [  0.08s]
18:37:58.967268 [info ]: Cached model count updated: 2 models (estimate)
18:37:58.967296 [info ]: Cached model count updated: 2 models (accurate)
18:37:58.967338 [info ]: Started scheduling
18:37:58.967462 [info ]: Finished scheduling [  0.00s]
18:37:58.967476 [debug]: Compilation - 1 nodes selected: {"model.trading_log_dbt.stg_tradelog"}
18:37:58.968363 [debug]: License check failed: Feature not licensed: 'lineage'
18:37:58.968707 [info ]: Started building task graph
18:37:58.968755 [info ]: Finished building task graph [  0.00s]
18:37:58.969331 [info ]: Started rendering (1 nodes)
18:37:58.969365 [info ]: Started model main.stg_tradelog
18:37:58.969378 [debug]: Started rendering model main.stg_tradelog
18:37:58.970408 [debug]: Compiled SQL for node model.trading_log_dbt.stg_tradelog at target/.lsp/compiled/trading_log_dbt/trading_log_dbt/models/staging/stg_tradelog.sql
18:37:58.970575 [info ]: Started analyzing (1 nodes)
18:37:58.970595 [debug]: Started analyzing model main.stg_tradelog
18:37:58.971186 [debug]: Finished analyzing [  0.00s] model main.stg_tradelog [success]
18:37:58.971207 [info ]: Finished analyzing [  0.00s] (1 nodes, 0 skipped, 0 errors)
18:37:58.971216 [info ]:  Succeeded [  0.00s] model main.stg_tradelog (view)
18:37:58.972243 [debug]: Finished rendering [  0.00s] model main.stg_tradelog [success]
18:37:58.972292 [info ]: Finished rendering [  0.00s] (1 nodes, 0 skipped, 0 errors)
18:37:58.973985 [info ]: Started scheduling
18:37:58.974050 [info ]: Finished scheduling [  0.00s]
18:37:58.974996 [info ]: Cached model count updated: 2 models (accurate)
18:37:59.782910 [debug]: License check failed: Feature not licensed: 'lineage'
18:38:00.295777 [info ]: Started loading project
18:38:00.299266 [info ]: Loading ~/.dbt/profiles.yml
18:38:00.359418 [info ]: Cached model count updated: 2 models (estimate)
18:38:00.359456 [info ]: Cached model count updated: 2 models (accurate)
18:38:00.359487 [info ]: Started scheduling
18:38:00.359549 [info ]: Finished scheduling [  0.00s]
18:38:00.359562 [debug]: Compilation - 1 nodes selected: {"model.trading_log_dbt.stg_tradelog"}
18:38:00.363019 [debug]: License check failed: Feature not licensed: 'lineage'
18:38:00.363715 [info ]: Started building task graph
18:38:00.363753 [info ]: Finished building task graph [  0.00s]
18:38:00.364419 [info ]: Started rendering (1 nodes)
18:38:00.364440 [info ]: Started model main.stg_tradelog
18:38:00.364451 [debug]: Started rendering model main.stg_tradelog
18:38:00.366201 [info ]: Finished loading project [  0.07s]
18:38:00.366685 [debug]: Compiled SQL for node model.trading_log_dbt.stg_tradelog at target/.lsp/compiled/trading_log_dbt/trading_log_dbt/models/staging/stg_tradelog.sql
18:38:00.366966 [info ]: Started analyzing (1 nodes)
18:38:00.366976 [debug]: Started analyzing model main.stg_tradelog
18:38:00.366995 [debug]: Finished rendering [  0.00s] model main.stg_tradelog [success]
18:38:00.367002 [info ]: Finished rendering [  0.00s] (1 nodes, 0 skipped, 0 errors)
18:38:00.367655 [debug]: Finished analyzing [  0.00s] model main.stg_tradelog [success]
18:38:00.367665 [info ]: Finished analyzing [  0.00s] (1 nodes, 0 skipped, 0 errors)
18:38:00.367672 [info ]:  Succeeded [  0.00s] model main.stg_tradelog (view)
18:38:00.377247 [info ]: Started scheduling
18:38:00.379224 [info ]: Finished scheduling [  0.00s]
18:38:00.379780 [info ]: Cached model count updated: 2 models (accurate)
18:38:01.650987 [info ]: Started loading project
18:38:01.651438 [info ]: Loading ~/.dbt/profiles.yml
18:38:01.667454 [info ]: Cached model count updated: 2 models (estimate)
18:38:01.667489 [info ]: Cached model count updated: 2 models (accurate)
18:38:01.667514 [info ]: Started scheduling
18:38:01.667561 [info ]: Finished scheduling [  0.00s]
18:38:01.667575 [debug]: Compilation - 1 nodes selected: {"model.trading_log_dbt.stg_tradelog"}
18:38:01.668238 [debug]: License check failed: Feature not licensed: 'lineage'
18:38:01.668604 [info ]: Started building task graph
18:38:01.668657 [info ]: Finished building task graph [  0.00s]
18:38:01.669237 [info ]: Started rendering (1 nodes)
18:38:01.669268 [info ]: Started model main.stg_tradelog
18:38:01.669282 [debug]: Started rendering model main.stg_tradelog
18:38:01.669327 [info ]: Finished loading project [  0.02s]
18:38:01.669595 [debug]: Compiled SQL for node model.trading_log_dbt.stg_tradelog at target/.lsp/compiled/trading_log_dbt/trading_log_dbt/models/staging/stg_tradelog.sql
18:38:01.669661 [debug]: Finished rendering [  0.00s] model main.stg_tradelog [success]
18:38:01.669674 [info ]: Finished rendering [  0.00s] (1 nodes, 0 skipped, 0 errors)
18:38:01.669693 [info ]: Started analyzing (1 nodes)
18:38:01.669702 [debug]: Started analyzing model main.stg_tradelog
18:38:01.670400 [debug]: Finished analyzing [  0.00s] model main.stg_tradelog [success]
18:38:01.670417 [info ]: Finished analyzing [  0.00s] (1 nodes, 0 skipped, 0 errors)
18:38:01.670426 [info ]:  Succeeded [-------] model main.stg_tradelog (view)
18:38:01.672588 [info ]: Started scheduling
18:38:01.672623 [info ]: Finished scheduling [  0.00s]
18:38:01.672944 [info ]: Cached model count updated: 2 models (accurate)
18:38:04.121716 [info ]: Started loading project
18:38:04.122090 [info ]: Loading ~/.dbt/profiles.yml
18:38:04.128858 [info ]: Started parsing
18:38:04.195699 [info ]: Finished loading project [  0.07s]
18:38:04.196279 [debug]: Finished parsing trading_log_dbt/models/staging/stg_tradelog.sql [  0.00s]
18:38:04.198443 [info ]: Finished parsing [  0.07s]
18:38:04.199698 [info ]: Cached model count updated: 2 models (estimate)
18:38:04.199722 [info ]: Cached model count updated: 2 models (accurate)
18:38:04.199747 [info ]: Started scheduling
18:38:04.199799 [info ]: Finished scheduling [  0.00s]
18:38:04.199810 [debug]: Compilation - 1 nodes selected: {"model.trading_log_dbt.stg_tradelog"}
18:38:04.200406 [debug]: License check failed: Feature not licensed: 'lineage'
18:38:04.200738 [info ]: Started building task graph
18:38:04.200817 [info ]: Finished building task graph [  0.00s]
18:38:04.201441 [info ]: Started rendering (1 nodes)
18:38:04.201471 [info ]: Started model main.stg_tradelog
18:38:04.201484 [debug]: Started rendering model main.stg_tradelog
18:38:04.202519 [debug]: Compiled SQL for node model.trading_log_dbt.stg_tradelog at target/.lsp/compiled/trading_log_dbt/trading_log_dbt/models/staging/stg_tradelog.sql
18:38:04.202807 [debug]: Finished rendering [  0.00s] model main.stg_tradelog [success]
18:38:04.202821 [info ]: Finished rendering [  0.00s] (1 nodes, 0 skipped, 0 errors)
18:38:04.202836 [info ]: Started analyzing (1 nodes)
18:38:04.202843 [debug]: Started analyzing model main.stg_tradelog
18:38:04.203497 [debug]: Finished analyzing [  0.00s] model main.stg_tradelog [success]
18:38:04.203520 [info ]: Finished analyzing [  0.00s] (1 nodes, 0 skipped, 0 errors)
18:38:04.203528 [info ]:  Succeeded [  0.00s] model main.stg_tradelog (view)
18:38:04.205952 [info ]: Started scheduling
18:38:04.205998 [info ]: Finished scheduling [  0.00s]
18:38:04.207008 [info ]: Cached model count updated: 2 models (accurate)
18:38:05.036422 [debug]: License check failed: Feature not licensed: 'lineage'
18:38:05.450982 [info ]: Started loading project
18:38:05.451358 [info ]: Loading ~/.dbt/profiles.yml
18:38:05.508734 [info ]: Cached model count updated: 2 models (estimate)
18:38:05.508780 [info ]: Cached model count updated: 2 models (accurate)
18:38:05.508810 [info ]: Started scheduling
18:38:05.508940 [info ]: Finished scheduling [  0.00s]
18:38:05.508962 [debug]: Compilation - 1 nodes selected: {"model.trading_log_dbt.stg_tradelog"}
18:38:05.509753 [debug]: License check failed: Feature not licensed: 'lineage'
18:38:05.512535 [info ]: Started building task graph
18:38:05.512580 [info ]: Finished building task graph [  0.00s]
18:38:05.513279 [info ]: Started rendering (1 nodes)
18:38:05.513300 [info ]: Started model main.stg_tradelog
18:38:05.513352 [debug]: Started rendering model main.stg_tradelog
18:38:05.513455 [info ]: Finished loading project [  0.06s]
18:38:05.514223 [debug]: Compiled SQL for node model.trading_log_dbt.stg_tradelog at target/.lsp/compiled/trading_log_dbt/trading_log_dbt/models/staging/stg_tradelog.sql
18:38:05.514316 [debug]: Finished rendering [  0.00s] model main.stg_tradelog [success]
18:38:05.514328 [info ]: Finished rendering [  0.00s] (1 nodes, 0 skipped, 0 errors)
18:38:05.514381 [info ]: Started analyzing (1 nodes)
18:38:05.514407 [debug]: Started analyzing model main.stg_tradelog
18:38:05.515113 [debug]: Finished analyzing [  0.00s] model main.stg_tradelog [success]
18:38:05.515141 [info ]: Finished analyzing [  0.00s] (1 nodes, 0 skipped, 0 errors)
18:38:05.515171 [info ]:  Succeeded [-------] model main.stg_tradelog (view)
18:38:05.523580 [info ]: Started scheduling
18:38:05.523627 [info ]: Finished scheduling [  0.00s]
18:38:05.524217 [info ]: Cached model count updated: 2 models (accurate)
18:38:06.276461 [debug]: License check failed: Feature not licensed: 'lineage'
18:38:06.806398 [info ]: Started loading project
18:38:06.806772 [info ]: Loading ~/.dbt/profiles.yml
18:38:06.825177 [info ]: Cached model count updated: 2 models (estimate)
18:38:06.825209 [info ]: Cached model count updated: 2 models (accurate)
18:38:06.825236 [info ]: Started scheduling
18:38:06.825285 [info ]: Finished scheduling [  0.00s]
18:38:06.825300 [debug]: Compilation - 1 nodes selected: {"model.trading_log_dbt.stg_tradelog"}
18:38:06.825965 [debug]: License check failed: Feature not licensed: 'lineage'
18:38:06.826378 [info ]: Started building task graph
18:38:06.826430 [info ]: Finished building task graph [  0.00s]
18:38:06.827084 [info ]: Started rendering (1 nodes)
18:38:06.827122 [info ]: Started model main.stg_tradelog
18:38:06.827135 [debug]: Started rendering model main.stg_tradelog
18:38:06.827208 [info ]: Finished loading project [  0.02s]
18:38:06.827436 [debug]: Compiled SQL for node model.trading_log_dbt.stg_tradelog at target/.lsp/compiled/trading_log_dbt/trading_log_dbt/models/staging/stg_tradelog.sql
18:38:06.827567 [debug]: Finished rendering [  0.00s] model main.stg_tradelog [success]
18:38:06.827586 [info ]: Finished rendering [  0.00s] (1 nodes, 0 skipped, 0 errors)
18:38:06.827602 [info ]: Started analyzing (1 nodes)
18:38:06.827609 [debug]: Started analyzing model main.stg_tradelog
18:38:06.828356 [debug]: Finished analyzing [  0.00s] model main.stg_tradelog [success]
18:38:06.828380 [info ]: Finished analyzing [  0.00s] (1 nodes, 0 skipped, 0 errors)
18:38:06.828387 [info ]:  Succeeded [-------] model main.stg_tradelog (view)
18:38:06.830890 [info ]: Started scheduling
18:38:06.830923 [info ]: Finished scheduling [  0.00s]
18:38:06.831312 [info ]: Cached model count updated: 2 models (accurate)
18:38:07.624847 [debug]: License check failed: Feature not licensed: 'lineage'
18:38:09.955417 [debug]: License check failed: Feature not licensed: 'lineage'
18:38:17.809567 [info ]: Started loading project
18:38:17.810790 [info ]: Loading ~/.dbt/profiles.yml
18:38:17.822366 [info ]: Started parsing
18:38:17.942199 [debug]: Finished parsing trading_log_dbt/models/staging/stg_tradelog.sql [  0.00s]
18:38:17.945740 [info ]: Finished loading project [  0.14s]
18:38:17.950044 [info ]: Finished parsing [  0.13s]
18:38:17.953565 [info ]: Cached model count updated: 2 models (estimate)
18:38:17.953587 [info ]: Cached model count updated: 2 models (accurate)
18:38:17.953611 [info ]: Started scheduling
18:38:17.953663 [info ]: Finished scheduling [  0.00s]
18:38:17.953674 [debug]: Compilation - 1 nodes selected: {"model.trading_log_dbt.stg_tradelog"}
18:38:17.954858 [debug]: License check failed: Feature not licensed: 'lineage'
18:38:17.955681 [info ]: Started building task graph
18:38:17.955966 [info ]: Finished building task graph [  0.00s]
18:38:17.956909 [info ]: Started rendering (1 nodes)
18:38:17.957137 [info ]: Started model main.stg_tradelog
18:38:17.957184 [debug]: Started rendering model main.stg_tradelog
18:38:17.960218 [debug]: Compiled SQL for node model.trading_log_dbt.stg_tradelog at target/.lsp/compiled/trading_log_dbt/trading_log_dbt/models/staging/stg_tradelog.sql
18:38:17.960491 [debug]: Finished rendering [  0.00s] model main.stg_tradelog [success]
18:38:17.960511 [info ]: Finished rendering [  0.00s] (1 nodes, 0 skipped, 0 errors)
18:38:17.960527 [info ]: Started analyzing (1 nodes)
18:38:17.960669 [debug]: Started analyzing model main.stg_tradelog
18:38:17.961566 [debug]: Finished analyzing [  0.00s] model main.stg_tradelog [success]
18:38:17.961589 [info ]: Finished analyzing [  0.00s] (1 nodes, 0 skipped, 0 errors)
18:38:17.961598 [info ]:  Succeeded [  0.00s] model main.stg_tradelog (view)
18:38:17.966637 [info ]: Started scheduling
18:38:17.966801 [info ]: Finished scheduling [  0.00s]
18:38:17.968477 [info ]: Cached model count updated: 2 models (accurate)
18:38:18.893379 [debug]: License check failed: Feature not licensed: 'lineage'
18:38:19.257785 [info ]: Started loading project
18:38:19.259559 [info ]: Loading ~/.dbt/profiles.yml
18:38:19.311974 [info ]: Cached model count updated: 2 models (estimate)
18:38:19.314186 [info ]: Cached model count updated: 2 models (accurate)
18:38:19.314222 [info ]: Started scheduling
18:38:19.314284 [info ]: Finished scheduling [  0.00s]
18:38:19.314374 [debug]: Compilation - 1 nodes selected: {"model.trading_log_dbt.stg_tradelog"}
18:38:19.315419 [debug]: License check failed: Feature not licensed: 'lineage'
18:38:19.315803 [info ]: Started building task graph
18:38:19.315838 [info ]: Finished building task graph [  0.00s]
18:38:19.316519 [info ]: Started rendering (1 nodes)
18:38:19.316539 [info ]: Started model main.stg_tradelog
18:38:19.316551 [debug]: Started rendering model main.stg_tradelog
18:38:19.316602 [info ]: Finished loading project [  0.06s]
18:38:19.320466 [debug]: Compiled SQL for node model.trading_log_dbt.stg_tradelog at target/.lsp/compiled/trading_log_dbt/trading_log_dbt/models/staging/stg_tradelog.sql
18:38:19.320525 [debug]: Finished rendering [  0.00s] model main.stg_tradelog [success]
18:38:19.320539 [info ]: Finished rendering [  0.00s] (1 nodes, 0 skipped, 0 errors)
18:38:19.320557 [info ]: Started analyzing (1 nodes)
18:38:19.320565 [debug]: Started analyzing model main.stg_tradelog
18:38:19.321268 [debug]: Finished analyzing [  0.00s] model main.stg_tradelog [success]
18:38:19.321280 [info ]: Finished analyzing [  0.00s] (1 nodes, 0 skipped, 0 errors)
18:38:19.321288 [info ]:  Succeeded [  0.00s] model main.stg_tradelog (view)
18:38:19.326660 [info ]: Started scheduling
18:38:19.326881 [info ]: Finished scheduling [  0.00s]
18:38:19.327547 [info ]: Cached model count updated: 2 models (accurate)
18:38:20.394584 [debug]: License check failed: Feature not licensed: 'lineage'
18:38:20.644248 [info ]: Started loading project
18:38:20.645945 [info ]: Loading ~/.dbt/profiles.yml
18:38:20.676907 [info ]: Cached model count updated: 2 models (estimate)
18:38:20.676944 [info ]: Cached model count updated: 2 models (accurate)
18:38:20.676973 [info ]: Started scheduling
18:38:20.677030 [info ]: Finished scheduling [  0.00s]
18:38:20.677049 [debug]: Compilation - 1 nodes selected: {"model.trading_log_dbt.stg_tradelog"}
18:38:20.678320 [debug]: License check failed: Feature not licensed: 'lineage'
18:38:20.679074 [info ]: Started building task graph
18:38:20.679127 [info ]: Finished building task graph [  0.00s]
18:38:20.680036 [info ]: Started rendering (1 nodes)
18:38:20.680073 [info ]: Started model main.stg_tradelog
18:38:20.680309 [debug]: Started rendering model main.stg_tradelog
18:38:20.680486 [info ]: Finished loading project [  0.04s]
18:38:20.680800 [debug]: Compiled SQL for node model.trading_log_dbt.stg_tradelog at target/.lsp/compiled/trading_log_dbt/trading_log_dbt/models/staging/stg_tradelog.sql
18:38:20.680871 [debug]: Finished rendering [  0.00s] model main.stg_tradelog [success]
18:38:20.680885 [info ]: Finished rendering [  0.00s] (1 nodes, 0 skipped, 0 errors)
18:38:20.680901 [info ]: Started analyzing (1 nodes)
18:38:20.680909 [debug]: Started analyzing model main.stg_tradelog
18:38:20.681620 [debug]: Finished analyzing [  0.00s] model main.stg_tradelog [success]
18:38:20.681648 [info ]: Finished analyzing [  0.00s] (1 nodes, 0 skipped, 0 errors)
18:38:20.681656 [info ]:  Succeeded [-------] model main.stg_tradelog (view)
18:38:20.690622 [info ]: Started scheduling
18:38:20.691046 [info ]: Finished scheduling [  0.00s]
18:38:20.692053 [info ]: Cached model count updated: 2 models (accurate)
18:38:21.745209 [debug]: License check failed: Feature not licensed: 'lineage'
18:38:34.412695 [debug]: License check failed: Feature not licensed: 'lineage'
18:38:39.917171 [debug]: License check failed: Feature not licensed: 'lineage'
18:38:44.592649 [debug]: License check failed: Feature not licensed: 'lineage'
18:38:49.921731 [debug]: License check failed: Feature not licensed: 'lineage'
18:38:52.524549 [debug]: License check failed: Feature not licensed: 'lineage'
18:38:54.813912 [debug]: License check failed: Feature not licensed: 'lineage'
18:39:00.628935 [debug]: License check failed: Feature not licensed: 'lineage'
18:39:07.647224 [debug]: License check failed: Feature not licensed: 'lineage'
18:39:10.633533 [debug]: License check failed: Feature not licensed: 'lineage'
18:39:15.918621 [debug]: License check failed: Feature not licensed: 'lineage'
18:39:23.351479 [debug]: License check failed: Feature not licensed: 'lineage'
18:39:28.471823 [debug]: License check failed: Feature not licensed: 'lineage'
18:39:38.650427 [info ]: Started loading project
18:39:38.650948 [info ]: Loading ~/.dbt/profiles.yml
18:39:38.658869 [info ]: Started parsing
18:39:38.766200 [info ]: Finished loading project [  0.12s]
18:39:38.767772 [debug]: Finished parsing trading_log_dbt/models/staging/stg_tradelog.sql [  0.00s]
18:39:38.769080 [info ]: Finished parsing [  0.11s]
18:39:38.770322 [info ]: Cached model count updated: 2 models (estimate)
18:39:38.770344 [info ]: Cached model count updated: 2 models (accurate)
18:39:38.770366 [info ]: Started scheduling
18:39:38.770395 [info ]: Finished scheduling [  0.00s]
18:39:38.770406 [debug]: Compilation - 0 nodes selected: {}
18:39:38.770437 [warn ]: [NoNodesForSelectionCriteria (dbt1092)]: The selection criterion '' does not match any enabled nodes
18:39:38.770451 [warn ]: [NoNodesSelected (dbt1601)]: Nothing to do. Try checking your model configs and model specification args
18:39:38.770951 [debug]: License check failed: Feature not licensed: 'lineage'
18:39:38.771272 [info ]: Started building task graph
18:39:38.771301 [info ]: Finished building task graph [  0.00s]
18:39:38.773880 [info ]: Started scheduling
18:39:38.773935 [info ]: Finished scheduling [  0.00s]
18:39:38.776619 [info ]: Cached model count updated: 2 models (accurate)
18:39:40.035999 [info ]: Started loading project
18:39:40.036619 [info ]: Loading ~/.dbt/profiles.yml
18:39:40.062759 [info ]: Cached model count updated: 2 models (estimate)
18:39:40.062790 [info ]: Cached model count updated: 2 models (accurate)
18:39:40.062813 [info ]: Started scheduling
18:39:40.062937 [info ]: Finished scheduling [  0.00s]
18:39:40.062966 [debug]: Compilation - 1 nodes selected: {"model.trading_log_dbt.stg_tradelog"}
18:39:40.063738 [debug]: License check failed: Feature not licensed: 'lineage'
18:39:40.064299 [info ]: Started building task graph
18:39:40.064415 [info ]: Finished building task graph [  0.00s]
18:39:40.065206 [info ]: Started rendering (1 nodes)
18:39:40.065244 [info ]: Started model main.stg_tradelog
18:39:40.065319 [debug]: Started rendering model main.stg_tradelog
18:39:40.065395 [info ]: Finished loading project [  0.03s]
18:39:40.066795 [debug]: Compiled SQL for node model.trading_log_dbt.stg_tradelog at target/.lsp/compiled/trading_log_dbt/trading_log_dbt/models/staging/stg_tradelog.sql
18:39:40.067074 [debug]: Finished rendering [  0.00s] model main.stg_tradelog [success]
18:39:40.067094 [info ]: Finished rendering [  0.00s] (1 nodes, 0 skipped, 0 errors)
18:39:40.067109 [info ]: Started analyzing (1 nodes)
18:39:40.067117 [debug]: Started analyzing model main.stg_tradelog
18:39:40.071863 [debug]: Finished analyzing [  0.00s] model main.stg_tradelog [success]
18:39:40.072032 [info ]: Finished analyzing [  0.00s] (1 nodes, 0 skipped, 0 errors)
18:39:40.072191 [info ]:  Succeeded [  0.01s] model main.stg_tradelog (view)
18:39:40.075208 [info ]: Started scheduling
18:39:40.075411 [info ]: Finished scheduling [  0.00s]
18:39:40.075891 [info ]: Cached model count updated: 2 models (accurate)
18:39:40.145885 [debug]: License check failed: Feature not licensed: 'lineage'
18:39:41.430476 [debug]: License check failed: Feature not licensed: 'lineage'
18:39:43.753418 [debug]: License check failed: Feature not licensed: 'lineage'
18:39:48.913299 [debug]: License check failed: Feature not licensed: 'lineage'
18:39:54.026405 [debug]: License check failed: Feature not licensed: 'lineage'
18:39:59.016478 [debug]: License check failed: Feature not licensed: 'lineage'
18:40:04.231282 [debug]: License check failed: Feature not licensed: 'lineage'
18:40:05.590022 [info ]: Started loading project
18:40:05.592196 [info ]: Loading ~/.dbt/profiles.yml
18:40:05.621702 [info ]: Started parsing
18:40:05.786903 [info ]: Finished loading project [  0.20s]
18:40:05.788419 [debug]: Finished parsing trading_log_dbt/models/staging/stg_tradelog.sql [  0.00s]
18:40:05.806817 [info ]: Finished parsing [  0.19s]
18:40:05.821996 [info ]: Cached model count updated: 2 models (estimate)
18:40:05.822023 [info ]: Cached model count updated: 2 models (accurate)
18:40:05.822060 [info ]: Started scheduling
18:40:05.823160 [info ]: Finished scheduling [  0.00s]
18:40:05.823181 [debug]: Compilation - 1 nodes selected: {"model.trading_log_dbt.stg_tradelog"}
18:40:05.827090 [debug]: License check failed: Feature not licensed: 'lineage'
18:40:05.828696 [info ]: Started building task graph
18:40:05.828734 [info ]: Finished building task graph [  0.00s]
18:40:05.831744 [info ]: Started rendering (1 nodes)
18:40:05.831934 [info ]: Started model main.stg_tradelog
18:40:05.832215 [debug]: Started rendering model main.stg_tradelog
18:40:05.837397 [debug]: Compiled SQL for node model.trading_log_dbt.stg_tradelog at target/.lsp/compiled/trading_log_dbt/trading_log_dbt/models/staging/stg_tradelog.sql
18:40:05.838195 [debug]: Finished rendering [  0.01s] model main.stg_tradelog [success]
18:40:05.838217 [info ]: Finished rendering [  0.01s] (1 nodes, 0 skipped, 0 errors)
18:40:05.838233 [info ]: Started analyzing (1 nodes)
18:40:05.838239 [debug]: Started analyzing model main.stg_tradelog
18:40:05.841977 [debug]: Finished analyzing [  0.00s] model main.stg_tradelog [success]
18:40:05.841995 [info ]: Finished analyzing [  0.00s] (1 nodes, 0 skipped, 0 errors)
18:40:05.842003 [info ]:  Succeeded [  0.01s] model main.stg_tradelog (view)
18:40:05.847891 [info ]: Started scheduling
18:40:05.848252 [info ]: Finished scheduling [  0.00s]
18:40:05.851835 [info ]: Cached model count updated: 2 models (accurate)
18:40:06.211739 [debug]: License check failed: Feature not licensed: 'lineage'
18:40:06.605431 [debug]: License check failed: Feature not licensed: 'lineage'
18:40:07.141748 [info ]: Started loading project
18:40:07.144562 [info ]: Loading ~/.dbt/profiles.yml
18:40:07.181770 [info ]: Cached model count updated: 2 models (estimate)
18:40:07.182765 [info ]: Cached model count updated: 2 models (accurate)
18:40:07.182798 [info ]: Started scheduling
18:40:07.182854 [info ]: Finished scheduling [  0.00s]
18:40:07.182867 [debug]: Compilation - 1 nodes selected: {"model.trading_log_dbt.stg_tradelog"}
18:40:07.184001 [debug]: License check failed: Feature not licensed: 'lineage'
18:40:07.184501 [info ]: Started building task graph
18:40:07.184538 [info ]: Finished building task graph [  0.00s]
18:40:07.187207 [info ]: Started rendering (1 nodes)
18:40:07.187393 [info ]: Started model main.stg_tradelog
18:40:07.187497 [debug]: Started rendering model main.stg_tradelog
18:40:07.187642 [info ]: Finished loading project [  0.05s]
18:40:07.188471 [debug]: Compiled SQL for node model.trading_log_dbt.stg_tradelog at target/.lsp/compiled/trading_log_dbt/trading_log_dbt/models/staging/stg_tradelog.sql
18:40:07.192437 [debug]: Finished rendering [  0.00s] model main.stg_tradelog [success]
18:40:07.193191 [info ]: Finished rendering [  0.01s] (1 nodes, 0 skipped, 0 errors)
18:40:07.193212 [info ]: Started analyzing (1 nodes)
18:40:07.193221 [debug]: Started analyzing model main.stg_tradelog
18:40:07.196211 [debug]: Finished analyzing [  0.00s] model main.stg_tradelog [success]
18:40:07.196230 [info ]: Finished analyzing [  0.00s] (1 nodes, 0 skipped, 0 errors)
18:40:07.196238 [info ]:  Succeeded [  0.01s] model main.stg_tradelog (view)
18:40:07.205913 [info ]: Started scheduling
18:40:07.211082 [info ]: Finished scheduling [  0.01s]
18:40:07.212926 [info ]: Cached model count updated: 2 models (accurate)
18:40:08.101036 [debug]: License check failed: Feature not licensed: 'lineage'
18:40:08.430311 [info ]: Started loading project
18:40:08.430660 [info ]: Loading ~/.dbt/profiles.yml
18:40:08.449018 [info ]: Cached model count updated: 2 models (estimate)
18:40:08.449048 [info ]: Cached model count updated: 2 models (accurate)
18:40:08.449073 [info ]: Started scheduling
18:40:08.449121 [info ]: Finished scheduling [  0.00s]
18:40:08.449135 [debug]: Compilation - 1 nodes selected: {"model.trading_log_dbt.stg_tradelog"}
18:40:08.449835 [debug]: License check failed: Feature not licensed: 'lineage'
18:40:08.450254 [info ]: Started building task graph
18:40:08.450289 [info ]: Finished building task graph [  0.00s]
18:40:08.450965 [info ]: Started rendering (1 nodes)
18:40:08.450986 [info ]: Started model main.stg_tradelog
18:40:08.450999 [debug]: Started rendering model main.stg_tradelog
18:40:08.451056 [info ]: Finished loading project [  0.02s]
18:40:08.451325 [debug]: Compiled SQL for node model.trading_log_dbt.stg_tradelog at target/.lsp/compiled/trading_log_dbt/trading_log_dbt/models/staging/stg_tradelog.sql
18:40:08.451450 [debug]: Finished rendering [  0.00s] model main.stg_tradelog [success]
18:40:08.451470 [info ]: Finished rendering [  0.00s] (1 nodes, 0 skipped, 0 errors)
18:40:08.451485 [info ]: Started analyzing (1 nodes)
18:40:08.451492 [debug]: Started analyzing model main.stg_tradelog
18:40:08.452407 [debug]: Finished analyzing [  0.00s] model main.stg_tradelog [success]
18:40:08.452427 [info ]: Finished analyzing [  0.00s] (1 nodes, 0 skipped, 0 errors)
18:40:08.452433 [info ]:  Succeeded [-------] model main.stg_tradelog (view)
18:40:08.454826 [info ]: Started scheduling
18:40:08.454864 [info ]: Finished scheduling [  0.00s]
18:40:08.455351 [info ]: Cached model count updated: 2 models (accurate)
18:40:09.249436 [debug]: License check failed: Feature not licensed: 'lineage'
18:40:11.788707 [debug]: License check failed: Feature not licensed: 'lineage'
18:40:13.202461 [debug]: License check failed: Feature not licensed: 'lineage'
18:40:16.769129 [debug]: License check failed: Feature not licensed: 'lineage'
18:40:21.340379 [info ]: Started loading project
18:40:21.340740 [info ]: Loading ~/.dbt/profiles.yml
18:40:21.362598 [info ]: Started parsing
18:40:21.530874 [info ]: Finished loading project [  0.19s]
18:40:21.536754 [debug]: Finished parsing trading_log_dbt/models/staging/stg_tradelog.sql [  0.00s]
18:40:21.543004 [info ]: Finished parsing [  0.18s]
18:40:21.546610 [info ]: Cached model count updated: 2 models (estimate)
18:40:21.546635 [info ]: Cached model count updated: 2 models (accurate)
18:40:21.546658 [info ]: Started scheduling
18:40:21.546693 [info ]: Finished scheduling [  0.00s]
18:40:21.546704 [debug]: Compilation - 0 nodes selected: {}
18:40:21.546723 [warn ]: [NoNodesForSelectionCriteria (dbt1092)]: The selection criterion '' does not match any enabled nodes
18:40:21.546737 [warn ]: [NoNodesSelected (dbt1601)]: Nothing to do. Try checking your model configs and model specification args
18:40:21.548139 [debug]: License check failed: Feature not licensed: 'lineage'
18:40:21.549038 [info ]: Started building task graph
18:40:21.549069 [info ]: Finished building task graph [  0.00s]
18:40:21.553555 [info ]: Started scheduling
18:40:21.553724 [info ]: Finished scheduling [  0.00s]
18:40:21.556847 [info ]: Cached model count updated: 2 models (accurate)
18:40:22.385287 [info ]: Started loading project
18:40:22.385673 [info ]: Loading ~/.dbt/profiles.yml
18:40:22.404868 [info ]: Cached model count updated: 2 models (estimate)
18:40:22.404904 [info ]: Cached model count updated: 2 models (accurate)
18:40:22.404937 [info ]: Started scheduling
18:40:22.404999 [info ]: Finished scheduling [  0.00s]
18:40:22.405014 [debug]: Compilation - 1 nodes selected: {"model.trading_log_dbt.stg_tradelog"}
18:40:22.405677 [debug]: License check failed: Feature not licensed: 'lineage'
18:40:22.406034 [info ]: Started building task graph
18:40:22.406093 [info ]: Finished building task graph [  0.00s]
18:40:22.406713 [info ]: Started rendering (1 nodes)
18:40:22.406744 [info ]: Started model main.stg_tradelog
18:40:22.406756 [debug]: Started rendering model main.stg_tradelog
18:40:22.406805 [info ]: Finished loading project [  0.02s]
18:40:22.407853 [debug]: Compiled SQL for node model.trading_log_dbt.stg_tradelog at target/.lsp/compiled/trading_log_dbt/trading_log_dbt/models/staging/stg_tradelog.sql
18:40:22.408056 [debug]: Finished rendering [  0.00s] model main.stg_tradelog [success]
18:40:22.408081 [info ]: Finished rendering [  0.00s] (1 nodes, 0 skipped, 0 errors)
18:40:22.408103 [info ]: Started analyzing (1 nodes)
18:40:22.408112 [debug]: Started analyzing model main.stg_tradelog
18:40:22.411206 [debug]: Finished analyzing [  0.00s] model main.stg_tradelog [success]
18:40:22.411225 [info ]: Finished analyzing [  0.00s] (1 nodes, 0 skipped, 0 errors)
18:40:22.411236 [info ]:  Succeeded [  0.00s] model main.stg_tradelog (view)
18:40:22.413885 [info ]: Started scheduling
18:40:22.413921 [info ]: Finished scheduling [  0.00s]
18:40:22.414254 [info ]: Cached model count updated: 2 models (accurate)
18:40:23.693350 [info ]: Started loading project
18:40:23.693729 [info ]: Loading ~/.dbt/profiles.yml
18:40:23.699732 [info ]: Started parsing
18:40:23.800227 [debug]: Finished parsing trading_log_dbt/models/staging/stg_tradelog.sql [  0.00s]
18:40:23.800531 [info ]: Finished loading project [  0.11s]
18:40:23.803604 [info ]: Finished parsing [  0.10s]
18:40:23.805039 [info ]: Cached model count updated: 2 models (estimate)
18:40:23.805062 [info ]: Cached model count updated: 2 models (accurate)
18:40:23.805155 [info ]: Started scheduling
18:40:23.805220 [info ]: Finished scheduling [  0.00s]
18:40:23.805232 [debug]: Compilation - 0 nodes selected: {}
18:40:23.805251 [warn ]: [NoNodesForSelectionCriteria (dbt1092)]: The selection criterion '' does not match any enabled nodes
18:40:23.805265 [warn ]: [NoNodesSelected (dbt1601)]: Nothing to do. Try checking your model configs and model specification args
18:40:23.805734 [debug]: License check failed: Feature not licensed: 'lineage'
18:40:23.806019 [info ]: Started building task graph
18:40:23.806051 [info ]: Finished building task graph [  0.00s]
18:40:23.808987 [info ]: Started scheduling
18:40:23.809054 [info ]: Finished scheduling [  0.00s]
18:40:23.811416 [info ]: Cached model count updated: 2 models (accurate)
18:40:24.595744 [debug]: License check failed: Feature not licensed: 'lineage'
18:40:25.057820 [info ]: Started loading project
18:40:25.058210 [info ]: Loading ~/.dbt/profiles.yml
18:40:25.078211 [info ]: Cached model count updated: 2 models (estimate)
18:40:25.078244 [info ]: Cached model count updated: 2 models (accurate)
18:40:25.078269 [info ]: Started scheduling
18:40:25.078400 [info ]: Finished scheduling [  0.00s]
18:40:25.078422 [debug]: Compilation - 1 nodes selected: {"model.trading_log_dbt.stg_tradelog"}
18:40:25.078922 [debug]: License check failed: Feature not licensed: 'lineage'
18:40:25.079287 [info ]: Started building task graph
18:40:25.079335 [info ]: Finished building task graph [  0.00s]
18:40:25.079878 [info ]: Started rendering (1 nodes)
18:40:25.079908 [info ]: Started model main.stg_tradelog
18:40:25.079922 [debug]: Started rendering model main.stg_tradelog
18:40:25.079973 [info ]: Finished loading project [  0.02s]
18:40:25.080888 [debug]: Compiled SQL for node model.trading_log_dbt.stg_tradelog at target/.lsp/compiled/trading_log_dbt/trading_log_dbt/models/staging/stg_tradelog.sql
18:40:25.081018 [debug]: Finished rendering [  0.00s] model main.stg_tradelog [success]
18:40:25.081036 [info ]: Finished rendering [  0.00s] (1 nodes, 0 skipped, 0 errors)
18:40:25.081051 [info ]: Started analyzing (1 nodes)
18:40:25.081059 [debug]: Started analyzing model main.stg_tradelog
18:40:25.081717 [debug]: Finished analyzing [  0.00s] model main.stg_tradelog [success]
18:40:25.081742 [info ]: Finished analyzing [  0.00s] (1 nodes, 0 skipped, 0 errors)
18:40:25.081749 [info ]:  Succeeded [  0.00s] model main.stg_tradelog (view)
18:40:25.083779 [info ]: Started scheduling
18:40:25.083811 [info ]: Finished scheduling [  0.00s]
18:40:25.084250 [info ]: Cached model count updated: 2 models (accurate)
18:40:25.995912 [debug]: License check failed: Feature not licensed: 'lineage'
18:40:29.123592 [debug]: License check failed: Feature not licensed: 'lineage'
18:40:33.662360 [debug]: License check failed: Feature not licensed: 'lineage'
18:40:38.780809 [debug]: License check failed: Feature not licensed: 'lineage'
18:40:43.953783 [debug]: License check failed: Feature not licensed: 'lineage'
18:40:49.542583 [debug]: License check failed: Feature not licensed: 'lineage'
18:40:54.496125 [debug]: License check failed: Feature not licensed: 'lineage'
18:40:59.536467 [debug]: License check failed: Feature not licensed: 'lineage'
18:41:04.529532 [debug]: License check failed: Feature not licensed: 'lineage'
18:41:11.210750 [debug]: License check failed: Feature not licensed: 'lineage'
18:41:16.003342 [debug]: License check failed: Feature not licensed: 'lineage'
18:41:20.243016 [debug]: License check failed: Feature not licensed: 'lineage'
18:41:26.872458 [debug]: License check failed: Feature not licensed: 'lineage'
18:41:30.705428 [debug]: License check failed: Feature not licensed: 'lineage'
18:41:31.837798 [debug]: License check failed: Feature not licensed: 'lineage'
18:41:35.761169 [debug]: License check failed: Feature not licensed: 'lineage'
18:41:40.904424 [debug]: License check failed: Feature not licensed: 'lineage'
18:41:45.901500 [debug]: License check failed: Feature not licensed: 'lineage'
18:41:50.990615 [debug]: License check failed: Feature not licensed: 'lineage'
18:41:52.603840 [debug]: License check failed: Feature not licensed: 'lineage'
18:41:55.772202 [debug]: License check failed: Feature not licensed: 'lineage'
18:42:00.905709 [debug]: License check failed: Feature not licensed: 'lineage'
18:42:05.979836 [debug]: License check failed: Feature not licensed: 'lineage'
18:42:11.087373 [debug]: License check failed: Feature not licensed: 'lineage'
18:42:16.200020 [debug]: License check failed: Feature not licensed: 'lineage'
18:42:21.260121 [debug]: License check failed: Feature not licensed: 'lineage'
18:42:26.366355 [debug]: License check failed: Feature not licensed: 'lineage'
18:42:31.444896 [debug]: License check failed: Feature not licensed: 'lineage'
18:42:37.093202 [debug]: License check failed: Feature not licensed: 'lineage'
18:42:37.293519 [debug]: License check failed: Feature not licensed: 'lineage'
18:42:38.986530 [debug]: License check failed: Feature not licensed: 'lineage'
18:42:41.706966 [debug]: License check failed: Feature not licensed: 'lineage'
18:42:46.890685 [debug]: License check failed: Feature not licensed: 'lineage'
18:42:52.031423 [debug]: License check failed: Feature not licensed: 'lineage'
18:42:57.398760 [debug]: License check failed: Feature not licensed: 'lineage'
18:43:02.359484 [debug]: License check failed: Feature not licensed: 'lineage'
18:43:04.378201 [info ]: Started loading project
18:43:04.378576 [info ]: Loading ~/.dbt/profiles.yml
18:43:04.384844 [info ]: Started parsing
18:43:04.494922 [info ]: Finished loading project [  0.12s]
18:43:04.495801 [debug]: Finished parsing trading_log_dbt/models/staging/stg_tradelog.sql [  0.00s]
18:43:04.497705 [info ]: Finished parsing [  0.11s]
18:43:04.499180 [info ]: Cached model count updated: 2 models (estimate)
18:43:04.499202 [info ]: Cached model count updated: 2 models (accurate)
18:43:04.499230 [info ]: Started scheduling
18:43:04.499309 [info ]: Finished scheduling [  0.00s]
18:43:04.499321 [debug]: Compilation - 1 nodes selected: {"model.trading_log_dbt.stg_tradelog"}
18:43:04.499822 [debug]: License check failed: Feature not licensed: 'lineage'
18:43:04.500133 [info ]: Started building task graph
18:43:04.500225 [info ]: Finished building task graph [  0.00s]
18:43:04.500778 [info ]: Started rendering (1 nodes)
18:43:04.500811 [info ]: Started model main.stg_tradelog
18:43:04.500826 [debug]: Started rendering model main.stg_tradelog
18:43:04.501625 [debug]: Compiled SQL for node model.trading_log_dbt.stg_tradelog at target/.lsp/compiled/trading_log_dbt/trading_log_dbt/models/staging/stg_tradelog.sql
18:43:04.501747 [debug]: Finished rendering [  0.00s] model main.stg_tradelog [success]
18:43:04.501772 [info ]: Finished rendering [  0.00s] (1 nodes, 0 skipped, 0 errors)
18:43:04.501789 [info ]: Started analyzing (1 nodes)
18:43:04.501797 [debug]: Started analyzing model main.stg_tradelog
18:43:04.503093 [debug]: Finished analyzing [  0.00s] model main.stg_tradelog [success]
18:43:04.503116 [info ]: Finished analyzing [  0.00s] (1 nodes, 0 skipped, 0 errors)
18:43:04.503124 [info ]:  Succeeded [  0.00s] model main.stg_tradelog (view)
18:43:04.505444 [info ]: Started scheduling
18:43:04.505485 [info ]: Finished scheduling [  0.00s]
18:43:04.506231 [info ]: Cached model count updated: 2 models (accurate)
18:43:05.423294 [debug]: License check failed: Feature not licensed: 'lineage'
18:43:05.781963 [info ]: Started loading project
18:43:05.782378 [info ]: Loading ~/.dbt/profiles.yml
18:43:05.810459 [info ]: Cached model count updated: 2 models (estimate)
18:43:05.810688 [info ]: Cached model count updated: 2 models (accurate)
18:43:05.810720 [info ]: Started scheduling
18:43:05.810781 [info ]: Finished scheduling [  0.00s]
18:43:05.810796 [debug]: Compilation - 1 nodes selected: {"model.trading_log_dbt.stg_tradelog"}
18:43:05.811588 [debug]: License check failed: Feature not licensed: 'lineage'
18:43:05.811997 [info ]: Started building task graph
18:43:05.812045 [info ]: Finished building task graph [  0.00s]
18:43:05.813036 [info ]: Started rendering (1 nodes)
18:43:05.813280 [info ]: Started model main.stg_tradelog
18:43:05.813440 [debug]: Started rendering model main.stg_tradelog
18:43:05.813631 [info ]: Finished loading project [  0.03s]
18:43:05.814407 [debug]: Compiled SQL for node model.trading_log_dbt.stg_tradelog at target/.lsp/compiled/trading_log_dbt/trading_log_dbt/models/staging/stg_tradelog.sql
18:43:05.814489 [debug]: Finished rendering [  0.00s] model main.stg_tradelog [success]
18:43:05.814501 [info ]: Finished rendering [  0.00s] (1 nodes, 0 skipped, 0 errors)
18:43:05.814516 [info ]: Started analyzing (1 nodes)
18:43:05.814524 [debug]: Started analyzing model main.stg_tradelog
18:43:05.815698 [debug]: Finished analyzing [  0.00s] model main.stg_tradelog [success]
18:43:05.815718 [info ]: Finished analyzing [  0.00s] (1 nodes, 0 skipped, 0 errors)
18:43:05.815726 [info ]:  Succeeded [  0.00s] model main.stg_tradelog (view)
18:43:05.819467 [info ]: Started scheduling
18:43:05.819644 [info ]: Finished scheduling [  0.00s]
18:43:05.820031 [info ]: Cached model count updated: 2 models (accurate)
18:43:06.715065 [debug]: License check failed: Feature not licensed: 'lineage'
18:43:07.106592 [info ]: Started loading project
18:43:07.107575 [info ]: Loading ~/.dbt/profiles.yml
18:43:07.139891 [info ]: Cached model count updated: 2 models (estimate)
18:43:07.140121 [info ]: Cached model count updated: 2 models (accurate)
18:43:07.140212 [info ]: Started scheduling
18:43:07.140260 [info ]: Finished scheduling [  0.00s]
18:43:07.140274 [debug]: Compilation - 1 nodes selected: {"model.trading_log_dbt.stg_tradelog"}
18:43:07.140917 [debug]: License check failed: Feature not licensed: 'lineage'
18:43:07.141460 [info ]: Started building task graph
18:43:07.141622 [info ]: Finished building task graph [  0.00s]
18:43:07.142348 [info ]: Started rendering (1 nodes)
18:43:07.142368 [info ]: Started model main.stg_tradelog
18:43:07.142379 [debug]: Started rendering model main.stg_tradelog
18:43:07.142423 [info ]: Finished loading project [  0.04s]
18:43:07.142710 [debug]: Compiled SQL for node model.trading_log_dbt.stg_tradelog at target/.lsp/compiled/trading_log_dbt/trading_log_dbt/models/staging/stg_tradelog.sql
18:43:07.142841 [debug]: Finished rendering [  0.00s] model main.stg_tradelog [success]
18:43:07.142854 [info ]: Finished rendering [  0.00s] (1 nodes, 0 skipped, 0 errors)
18:43:07.142869 [info ]: Started analyzing (1 nodes)
18:43:07.142876 [debug]: Started analyzing model main.stg_tradelog
18:43:07.143616 [debug]: Finished analyzing [  0.00s] model main.stg_tradelog [success]
18:43:07.143626 [info ]: Finished analyzing [  0.00s] (1 nodes, 0 skipped, 0 errors)
18:43:07.143633 [info ]:  Succeeded [-------] model main.stg_tradelog (view)
18:43:07.146744 [info ]: Started scheduling
18:43:07.146902 [info ]: Finished scheduling [  0.00s]
18:43:07.147453 [info ]: Cached model count updated: 2 models (accurate)
18:43:08.923725 [info ]: Started loading project
18:43:08.924127 [info ]: Loading ~/.dbt/profiles.yml
18:43:08.930863 [info ]: Started parsing
18:43:09.052207 [info ]: Finished loading project [  0.13s]
18:43:09.052994 [debug]: Finished parsing trading_log_dbt/models/staging/stg_tradelog.sql [  0.00s]
18:43:09.055275 [info ]: Finished parsing [  0.12s]
18:43:09.056823 [info ]: Cached model count updated: 2 models (estimate)
18:43:09.056851 [info ]: Cached model count updated: 2 models (accurate)
18:43:09.056877 [info ]: Started scheduling
18:43:09.056931 [info ]: Finished scheduling [  0.00s]
18:43:09.056948 [debug]: Compilation - 1 nodes selected: {"model.trading_log_dbt.stg_tradelog"}
18:43:09.057476 [debug]: License check failed: Feature not licensed: 'lineage'
18:43:09.057787 [info ]: Started building task graph
18:43:09.057834 [info ]: Finished building task graph [  0.00s]
18:43:09.058502 [info ]: Started rendering (1 nodes)
18:43:09.058577 [info ]: Started model main.stg_tradelog
18:43:09.058592 [debug]: Started rendering model main.stg_tradelog
18:43:09.059432 [debug]: Compiled SQL for node model.trading_log_dbt.stg_tradelog at target/.lsp/compiled/trading_log_dbt/trading_log_dbt/models/staging/stg_tradelog.sql
18:43:09.060114 [debug]: Finished rendering [  0.00s] model main.stg_tradelog [success]
18:43:09.060135 [info ]: Finished rendering [  0.00s] (1 nodes, 0 skipped, 0 errors)
18:43:09.060176 [info ]: Started analyzing (1 nodes)
18:43:09.060183 [debug]: Started analyzing model main.stg_tradelog
18:43:09.060895 [debug]: Finished analyzing [  0.00s] model main.stg_tradelog [success]
18:43:09.060907 [info ]: Finished analyzing [  0.00s] (1 nodes, 0 skipped, 0 errors)
18:43:09.060914 [info ]:  Succeeded [  0.00s] model main.stg_tradelog (view)
18:43:09.063780 [info ]: Started scheduling
18:43:09.063833 [info ]: Finished scheduling [  0.00s]
18:43:09.064672 [info ]: Cached model count updated: 2 models (accurate)
18:43:10.015911 [debug]: License check failed: Feature not licensed: 'lineage'
18:43:10.298597 [info ]: Started loading project
18:43:10.299402 [info ]: Loading ~/.dbt/profiles.yml
18:43:10.328558 [info ]: Cached model count updated: 2 models (estimate)
18:43:10.328812 [info ]: Cached model count updated: 2 models (accurate)
18:43:10.328847 [info ]: Started scheduling
18:43:10.328913 [info ]: Finished scheduling [  0.00s]
18:43:10.328929 [debug]: Compilation - 1 nodes selected: {"model.trading_log_dbt.stg_tradelog"}
18:43:10.329683 [debug]: License check failed: Feature not licensed: 'lineage'
18:43:10.330080 [info ]: Started building task graph
18:43:10.330117 [info ]: Finished building task graph [  0.00s]
18:43:10.330753 [info ]: Started rendering (1 nodes)
18:43:10.330773 [info ]: Started model main.stg_tradelog
18:43:10.330784 [debug]: Started rendering model main.stg_tradelog
18:43:10.330966 [info ]: Finished loading project [  0.03s]
18:43:10.331408 [debug]: Compiled SQL for node model.trading_log_dbt.stg_tradelog at target/.lsp/compiled/trading_log_dbt/trading_log_dbt/models/staging/stg_tradelog.sql
18:43:10.331593 [debug]: Finished rendering [  0.00s] model main.stg_tradelog [success]
18:43:10.331705 [info ]: Finished rendering [  0.00s] (1 nodes, 0 skipped, 0 errors)
18:43:10.331820 [info ]: Started analyzing (1 nodes)
18:43:10.331829 [debug]: Started analyzing model main.stg_tradelog
18:43:10.332659 [debug]: Finished analyzing [  0.00s] model main.stg_tradelog [success]
18:43:10.332671 [info ]: Finished analyzing [  0.00s] (1 nodes, 0 skipped, 0 errors)
18:43:10.332678 [info ]:  Succeeded [-------] model main.stg_tradelog (view)
18:43:10.336024 [info ]: Started scheduling
18:43:10.336216 [info ]: Finished scheduling [  0.00s]
18:43:10.336885 [info ]: Cached model count updated: 2 models (accurate)
18:43:11.227387 [debug]: License check failed: Feature not licensed: 'lineage'
18:43:11.572407 [info ]: Started loading project
18:43:11.572753 [info ]: Loading ~/.dbt/profiles.yml
18:43:11.590637 [info ]: Cached model count updated: 2 models (estimate)
18:43:11.590662 [info ]: Cached model count updated: 2 models (accurate)
18:43:11.590686 [info ]: Started scheduling
18:43:11.590731 [info ]: Finished scheduling [  0.00s]
18:43:11.590746 [debug]: Compilation - 1 nodes selected: {"model.trading_log_dbt.stg_tradelog"}
18:43:11.591223 [debug]: License check failed: Feature not licensed: 'lineage'
18:43:11.591535 [info ]: Started building task graph
18:43:11.591584 [info ]: Finished building task graph [  0.00s]
18:43:11.592093 [info ]: Started rendering (1 nodes)
18:43:11.592124 [info ]: Started model main.stg_tradelog
18:43:11.592137 [debug]: Started rendering model main.stg_tradelog
18:43:11.592196 [info ]: Finished loading project [  0.02s]
18:43:11.592499 [debug]: Compiled SQL for node model.trading_log_dbt.stg_tradelog at target/.lsp/compiled/trading_log_dbt/trading_log_dbt/models/staging/stg_tradelog.sql
18:43:11.592643 [debug]: Finished rendering [  0.00s] model main.stg_tradelog [success]
18:43:11.592659 [info ]: Finished rendering [  0.00s] (1 nodes, 0 skipped, 0 errors)
18:43:11.592673 [info ]: Started analyzing (1 nodes)
18:43:11.592680 [debug]: Started analyzing model main.stg_tradelog
18:43:11.593286 [debug]: Finished analyzing [  0.00s] model main.stg_tradelog [success]
18:43:11.593309 [info ]: Finished analyzing [  0.00s] (1 nodes, 0 skipped, 0 errors)
18:43:11.593317 [info ]:  Succeeded [-------] model main.stg_tradelog (view)
18:43:11.595178 [info ]: Started scheduling
18:43:11.595208 [info ]: Finished scheduling [  0.00s]
18:43:11.595543 [info ]: Cached model count updated: 2 models (accurate)
18:43:12.504324 [debug]: License check failed: Feature not licensed: 'lineage'
18:43:15.269512 [debug]: License check failed: Feature not licensed: 'lineage'
18:43:21.072501 [debug]: License check failed: Feature not licensed: 'lineage'
18:43:22.924399 [debug]: License check failed: Feature not licensed: 'lineage'
18:43:25.615441 [debug]: License check failed: Feature not licensed: 'lineage'
18:43:30.612803 [debug]: License check failed: Feature not licensed: 'lineage'
18:43:42.277281 [debug]: License check failed: Feature not licensed: 'lineage'
18:43:47.561066 [debug]: License check failed: Feature not licensed: 'lineage'
18:43:52.373022 [debug]: License check failed: Feature not licensed: 'lineage'
18:43:57.629958 [debug]: License check failed: Feature not licensed: 'lineage'
18:44:02.852407 [debug]: License check failed: Feature not licensed: 'lineage'
18:44:08.000319 [debug]: License check failed: Feature not licensed: 'lineage'
18:44:13.001504 [debug]: License check failed: Feature not licensed: 'lineage'
18:44:18.295205 [debug]: License check failed: Feature not licensed: 'lineage'
18:44:23.245223 [debug]: License check failed: Feature not licensed: 'lineage'
18:44:28.727686 [debug]: License check failed: Feature not licensed: 'lineage'
18:44:33.430446 [debug]: License check failed: Feature not licensed: 'lineage'
18:44:38.555216 [debug]: License check failed: Feature not licensed: 'lineage'
18:44:43.676477 [debug]: License check failed: Feature not licensed: 'lineage'
18:44:48.802064 [debug]: License check failed: Feature not licensed: 'lineage'
18:44:53.825834 [debug]: License check failed: Feature not licensed: 'lineage'
18:44:58.992372 [debug]: License check failed: Feature not licensed: 'lineage'
18:45:03.997591 [debug]: License check failed: Feature not licensed: 'lineage'
18:45:04.144503 [debug]: License check failed: Feature not licensed: 'lineage'
18:45:09.190444 [debug]: License check failed: Feature not licensed: 'lineage'
18:45:14.280455 [debug]: License check failed: Feature not licensed: 'lineage'
18:45:19.375429 [debug]: License check failed: Feature not licensed: 'lineage'
18:45:24.604373 [debug]: License check failed: Feature not licensed: 'lineage'
18:45:29.753480 [debug]: License check failed: Feature not licensed: 'lineage'
18:45:35.150212 [debug]: License check failed: Feature not licensed: 'lineage'
18:45:36.663366 [debug]: License check failed: Feature not licensed: 'lineage'
18:45:40.997512 [debug]: License check failed: Feature not licensed: 'lineage'
18:45:45.402553 [debug]: License check failed: Feature not licensed: 'lineage'
18:45:50.749412 [debug]: License check failed: Feature not licensed: 'lineage'
18:45:55.837442 [debug]: License check failed: Feature not licensed: 'lineage'
18:46:01.200744 [debug]: License check failed: Feature not licensed: 'lineage'
18:46:05.009527 [debug]: License check failed: Feature not licensed: 'lineage'
18:46:05.980383 [debug]: License check failed: Feature not licensed: 'lineage'
18:46:11.078409 [debug]: License check failed: Feature not licensed: 'lineage'
18:46:16.076623 [debug]: License check failed: Feature not licensed: 'lineage'
18:46:21.195852 [debug]: License check failed: Feature not licensed: 'lineage'
18:46:26.416020 [debug]: License check failed: Feature not licensed: 'lineage'
18:46:31.548333 [debug]: License check failed: Feature not licensed: 'lineage'
18:46:36.881844 [debug]: License check failed: Feature not licensed: 'lineage'
18:46:41.816521 [debug]: License check failed: Feature not licensed: 'lineage'
18:46:46.813303 [debug]: License check failed: Feature not licensed: 'lineage'
18:46:51.892651 [debug]: License check failed: Feature not licensed: 'lineage'
18:46:56.959640 [debug]: License check failed: Feature not licensed: 'lineage'
18:47:02.004944 [debug]: License check failed: Feature not licensed: 'lineage'
18:47:10.502394 [debug]: License check failed: Feature not licensed: 'lineage'
18:47:14.002575 [debug]: License check failed: Feature not licensed: 'lineage'
18:47:19.394260 [debug]: License check failed: Feature not licensed: 'lineage'
18:47:24.458295 [info ]: Started loading project
18:47:24.458626 [info ]: Loading ~/.dbt/profiles.yml
18:47:24.467022 [info ]: Started parsing
18:47:24.578257 [info ]: Finished loading project [  0.12s]
18:47:24.578892 [debug]: Finished parsing trading_log_dbt/models/staging/stg_tradelog.sql [  0.00s]
18:47:24.580957 [info ]: Finished parsing [  0.11s]
18:47:24.582611 [info ]: Cached model count updated: 2 models (estimate)
18:47:24.582632 [info ]: Cached model count updated: 2 models (accurate)
18:47:24.582658 [info ]: Started scheduling
18:47:24.582712 [info ]: Finished scheduling [  0.00s]
18:47:24.582723 [debug]: Compilation - 1 nodes selected: {"model.trading_log_dbt.stg_tradelog"}
18:47:24.583227 [debug]: License check failed: Feature not licensed: 'lineage'
18:47:24.583532 [info ]: Started building task graph
18:47:24.583581 [info ]: Finished building task graph [  0.00s]
18:47:24.584129 [info ]: Started rendering (1 nodes)
18:47:24.584178 [info ]: Started model main.stg_tradelog
18:47:24.584191 [debug]: Started rendering model main.stg_tradelog
18:47:24.585328 [debug]: Compiled SQL for node model.trading_log_dbt.stg_tradelog at target/.lsp/compiled/trading_log_dbt/trading_log_dbt/models/staging/stg_tradelog.sql
18:47:24.585691 [debug]: Finished rendering [  0.00s] model main.stg_tradelog [success]
18:47:24.585710 [info ]: Finished rendering [  0.00s] (1 nodes, 0 skipped, 0 errors)
18:47:24.585730 [info ]: Started analyzing (1 nodes)
18:47:24.585737 [debug]: Started analyzing model main.stg_tradelog
18:47:24.586610 [debug]: Finished analyzing [  0.00s] model main.stg_tradelog [success]
18:47:24.586635 [info ]: Finished analyzing [  0.00s] (1 nodes, 0 skipped, 0 errors)
18:47:24.586644 [info ]:  Succeeded [  0.00s] model main.stg_tradelog (view)
18:47:24.588751 [info ]: Started scheduling
18:47:24.588794 [info ]: Finished scheduling [  0.00s]
18:47:24.589647 [info ]: Cached model count updated: 2 models (accurate)
18:47:25.824805 [info ]: Started loading project
18:47:25.825135 [info ]: Loading ~/.dbt/profiles.yml
18:47:25.855369 [info ]: Cached model count updated: 2 models (estimate)
18:47:25.855406 [info ]: Cached model count updated: 2 models (accurate)
18:47:25.855559 [info ]: Started scheduling
18:47:25.855686 [info ]: Finished scheduling [  0.00s]
18:47:25.855715 [debug]: Compilation - 1 nodes selected: {"model.trading_log_dbt.stg_tradelog"}
18:47:25.856517 [debug]: License check failed: Feature not licensed: 'lineage'
18:47:25.856962 [info ]: Started building task graph
18:47:25.857069 [info ]: Finished building task graph [  0.00s]
18:47:25.857819 [info ]: Started rendering (1 nodes)
18:47:25.857855 [info ]: Started model main.stg_tradelog
18:47:25.857927 [debug]: Started rendering model main.stg_tradelog
18:47:25.857974 [info ]: Finished loading project [  0.03s]
18:47:25.858439 [debug]: Compiled SQL for node model.trading_log_dbt.stg_tradelog at target/.lsp/compiled/trading_log_dbt/trading_log_dbt/models/staging/stg_tradelog.sql
18:47:25.858565 [info ]: Started analyzing (1 nodes)
18:47:25.858587 [debug]: Started analyzing model main.stg_tradelog
18:47:25.858665 [debug]: Finished rendering [  0.00s] model main.stg_tradelog [success]
18:47:25.858679 [info ]: Finished rendering [  0.00s] (1 nodes, 0 skipped, 0 errors)
18:47:25.859553 [debug]: Finished analyzing [  0.00s] model main.stg_tradelog [success]
18:47:25.859568 [info ]: Finished analyzing [  0.00s] (1 nodes, 0 skipped, 0 errors)
18:47:25.859576 [info ]:  Succeeded [-------] model main.stg_tradelog (view)
18:47:25.862344 [info ]: Started scheduling
18:47:25.862380 [info ]: Finished scheduling [  0.00s]
18:47:25.862838 [info ]: Cached model count updated: 2 models (accurate)
18:47:26.129216 [debug]: License check failed: Feature not licensed: 'lineage'
18:47:27.167054 [info ]: Started loading project
18:47:27.167557 [info ]: Loading ~/.dbt/profiles.yml
18:47:27.230543 [info ]: Cached model count updated: 2 models (estimate)
18:47:27.230577 [info ]: Cached model count updated: 2 models (accurate)
18:47:27.230603 [info ]: Started scheduling
18:47:27.230654 [info ]: Finished scheduling [  0.00s]
18:47:27.230670 [debug]: Compilation - 1 nodes selected: {"model.trading_log_dbt.stg_tradelog"}
18:47:27.234498 [debug]: License check failed: Feature not licensed: 'lineage'
18:47:27.234938 [info ]: Started building task graph
18:47:27.234975 [info ]: Finished building task graph [  0.00s]
18:47:27.235648 [info ]: Started rendering (1 nodes)
18:47:27.235668 [info ]: Started model main.stg_tradelog
18:47:27.235681 [debug]: Started rendering model main.stg_tradelog
18:47:27.235730 [info ]: Finished loading project [  0.07s]
18:47:27.240991 [debug]: Compiled SQL for node model.trading_log_dbt.stg_tradelog at target/.lsp/compiled/trading_log_dbt/trading_log_dbt/models/staging/stg_tradelog.sql
18:47:27.241178 [debug]: Finished rendering [  0.01s] model main.stg_tradelog [success]
18:47:27.241200 [info ]: Finished rendering [  0.01s] (1 nodes, 0 skipped, 0 errors)
18:47:27.241217 [info ]: Started analyzing (1 nodes)
18:47:27.241224 [debug]: Started analyzing model main.stg_tradelog
18:47:27.242052 [debug]: Finished analyzing [  0.00s] model main.stg_tradelog [success]
18:47:27.242061 [info ]: Finished analyzing [  0.00s] (1 nodes, 0 skipped, 0 errors)
18:47:27.242067 [info ]:  Succeeded [  0.01s] model main.stg_tradelog (view)
18:47:27.259067 [info ]: Started scheduling
18:47:27.259132 [info ]: Finished scheduling [  0.00s]
18:47:27.265579 [info ]: Cached model count updated: 2 models (accurate)
18:47:27.863623 [debug]: License check failed: Feature not licensed: 'lineage'
18:47:28.871928 [debug]: License check failed: Feature not licensed: 'lineage'
18:47:31.845420 [debug]: License check failed: Feature not licensed: 'lineage'
18:47:32.977785 [debug]: License check failed: Feature not licensed: 'lineage'
18:47:33.895863 [info ]: Started loading project
18:47:33.896704 [info ]: Loading ~/.dbt/profiles.yml
18:47:33.905322 [info ]: Started parsing
18:47:34.027895 [info ]: Finished loading project [  0.13s]
18:47:34.028905 [debug]: Finished parsing trading_log_dbt/models/staging/stg_tradelog.sql [  0.00s]
18:47:34.031101 [info ]: Finished parsing [  0.13s]
18:47:34.033302 [info ]: Cached model count updated: 2 models (estimate)
18:47:34.033325 [info ]: Cached model count updated: 2 models (accurate)
18:47:34.033345 [info ]: Started scheduling
18:47:34.033391 [info ]: Finished scheduling [  0.00s]
18:47:34.033403 [debug]: Compilation - 0 nodes selected: {}
18:47:34.033422 [warn ]: [NoNodesForSelectionCriteria (dbt1092)]: The selection criterion '' does not match any enabled nodes
18:47:34.033440 [warn ]: [NoNodesSelected (dbt1601)]: Nothing to do. Try checking your model configs and model specification args
18:47:34.034086 [debug]: License check failed: Feature not licensed: 'lineage'
18:47:34.034675 [info ]: Started building task graph
18:47:34.034796 [info ]: Finished building task graph [  0.00s]
18:47:34.038470 [info ]: Started scheduling
18:47:34.038617 [info ]: Finished scheduling [  0.00s]
18:47:34.042291 [info ]: Cached model count updated: 2 models (accurate)
18:47:35.270406 [info ]: Started loading project
18:47:35.270841 [info ]: Loading ~/.dbt/profiles.yml
18:47:35.288554 [info ]: Cached model count updated: 2 models (estimate)
18:47:35.288580 [info ]: Cached model count updated: 2 models (accurate)
18:47:35.288603 [info ]: Started scheduling
18:47:35.288680 [info ]: Finished scheduling [  0.00s]
18:47:35.288704 [debug]: Compilation - 1 nodes selected: {"model.trading_log_dbt.stg_tradelog"}
18:47:35.289243 [debug]: License check failed: Feature not licensed: 'lineage'
18:47:35.289586 [info ]: Started building task graph
18:47:35.289634 [info ]: Finished building task graph [  0.00s]
18:47:35.290219 [info ]: Started rendering (1 nodes)
18:47:35.290250 [info ]: Started model main.stg_tradelog
18:47:35.290263 [debug]: Started rendering model main.stg_tradelog
18:47:35.290319 [info ]: Finished loading project [  0.02s]
18:47:35.291181 [debug]: Compiled SQL for node model.trading_log_dbt.stg_tradelog at target/.lsp/compiled/trading_log_dbt/trading_log_dbt/models/staging/stg_tradelog.sql
18:47:35.291283 [debug]: Finished rendering [  0.00s] model main.stg_tradelog [success]
18:47:35.291305 [info ]: Finished rendering [  0.00s] (1 nodes, 0 skipped, 0 errors)
18:47:35.291319 [info ]: Started analyzing (1 nodes)
18:47:35.291326 [debug]: Started analyzing model main.stg_tradelog
18:47:35.291898 [debug]: Finished analyzing [  0.00s] model main.stg_tradelog [success]
18:47:35.291922 [info ]: Finished analyzing [  0.00s] (1 nodes, 0 skipped, 0 errors)
18:47:35.291930 [info ]:  Succeeded [  0.00s] model main.stg_tradelog (view)
18:47:35.293825 [info ]: Started scheduling
18:47:35.293856 [info ]: Finished scheduling [  0.00s]
18:47:35.294247 [info ]: Cached model count updated: 2 models (accurate)
18:47:36.522840 [debug]: License check failed: Feature not licensed: 'lineage'
18:47:42.428899 [debug]: License check failed: Feature not licensed: 'lineage'
18:47:47.018451 [debug]: License check failed: Feature not licensed: 'lineage'
18:47:52.222405 [debug]: License check failed: Feature not licensed: 'lineage'
18:47:57.662101 [debug]: License check failed: Feature not licensed: 'lineage'
18:48:02.850447 [debug]: License check failed: Feature not licensed: 'lineage'
18:48:07.928191 [debug]: License check failed: Feature not licensed: 'lineage'
18:48:12.791520 [debug]: License check failed: Feature not licensed: 'lineage'
18:48:17.837422 [debug]: License check failed: Feature not licensed: 'lineage'
18:48:22.930399 [debug]: License check failed: Feature not licensed: 'lineage'
18:48:28.033084 [debug]: License check failed: Feature not licensed: 'lineage'
18:48:33.248484 [debug]: License check failed: Feature not licensed: 'lineage'
18:48:38.425727 [debug]: License check failed: Feature not licensed: 'lineage'
18:48:44.039374 [debug]: License check failed: Feature not licensed: 'lineage'
18:48:45.526103 [debug]: License check failed: Feature not licensed: 'lineage'
18:48:48.812409 [debug]: License check failed: Feature not licensed: 'lineage'
18:48:53.983475 [debug]: License check failed: Feature not licensed: 'lineage'
18:48:59.063969 [debug]: License check failed: Feature not licensed: 'lineage'
18:52:28.974354 [debug]: License check failed: Feature not licensed: 'lineage'
18:52:34.379444 [debug]: License check failed: Feature not licensed: 'lineage'
18:52:44.027206 [debug]: License check failed: Feature not licensed: 'lineage'
18:52:46.658710 [debug]: License check failed: Feature not licensed: 'lineage'
18:52:50.481406 [debug]: License check failed: Feature not licensed: 'lineage'
18:52:53.291449 [debug]: License check failed: Feature not licensed: 'lineage'
18:53:00.820890 [info ]: Started loading project
18:53:00.821271 [info ]: Loading ~/.dbt/profiles.yml
18:53:00.839868 [info ]: Started parsing
18:53:01.104051 [info ]: Finished loading project [  0.28s]
18:53:01.104824 [debug]: Finished parsing trading_log_dbt/models/staging/stg_tradelog.sql [  0.00s]
18:53:01.106614 [info ]: Finished parsing [  0.27s]
18:53:01.108218 [info ]: Cached model count updated: 2 models (estimate)
18:53:01.108240 [info ]: Cached model count updated: 2 models (accurate)
18:53:01.108261 [info ]: Started scheduling
18:53:01.108345 [info ]: Finished scheduling [  0.00s]
18:53:01.108357 [debug]: Compilation - 0 nodes selected: {}
18:53:01.108401 [warn ]: [NoNodesForSelectionCriteria (dbt1092)]: The selection criterion '' does not match any enabled nodes
18:53:01.108417 [warn ]: [NoNodesSelected (dbt1601)]: Nothing to do. Try checking your model configs and model specification args
18:53:01.108938 [debug]: License check failed: Feature not licensed: 'lineage'
18:53:01.109251 [info ]: Started building task graph
18:53:01.109283 [info ]: Finished building task graph [  0.00s]
18:53:01.111866 [info ]: Started scheduling
18:53:01.111957 [info ]: Finished scheduling [  0.00s]
18:53:01.115038 [info ]: Cached model count updated: 2 models (accurate)
18:53:01.117625 [debug]: License check failed: Feature not licensed: 'lineage'
18:53:01.167579 [info ]: Waiting for lease on 'target' directory
18:53:01.424056 [info ]: Started loading project
18:53:01.424440 [info ]: Loading ~/.dbt/profiles.yml
18:53:01.441931 [info ]: Cached model count updated: 2 models (estimate)
18:53:01.441961 [info ]: Cached model count updated: 2 models (accurate)
18:53:01.441989 [info ]: Started scheduling
18:53:01.442088 [info ]: Finished scheduling [  0.00s]
18:53:01.442109 [debug]: Compilation - 1 nodes selected: {"model.trading_log_dbt.stg_tradelog"}
18:53:01.442626 [debug]: License check failed: Feature not licensed: 'lineage'
18:53:01.442952 [info ]: Started building task graph
18:53:01.443002 [info ]: Finished building task graph [  0.00s]
18:53:01.443562 [info ]: Started rendering (1 nodes)
18:53:01.443593 [info ]: Started model main.stg_tradelog
18:53:01.443606 [debug]: Started rendering model main.stg_tradelog
18:53:01.443672 [info ]: Finished loading project [  0.02s]
18:53:01.444573 [debug]: Compiled SQL for node model.trading_log_dbt.stg_tradelog at target/.lsp/compiled/trading_log_dbt/trading_log_dbt/models/staging/stg_tradelog.sql
18:53:01.444687 [debug]: Finished rendering [  0.00s] model main.stg_tradelog [success]
18:53:01.444707 [info ]: Finished rendering [  0.00s] (1 nodes, 0 skipped, 0 errors)
18:53:01.444722 [info ]: Started analyzing (1 nodes)
18:53:01.444730 [debug]: Started analyzing model main.stg_tradelog
18:53:01.445361 [debug]: Finished analyzing [  0.00s] model main.stg_tradelog [success]
18:53:01.445383 [info ]: Finished analyzing [  0.00s] (1 nodes, 0 skipped, 0 errors)
18:53:01.445392 [info ]:  Succeeded [  0.00s] model main.stg_tradelog (view)
18:53:01.447336 [info ]: Started scheduling
18:53:01.447365 [info ]: Finished scheduling [  0.00s]
18:53:01.447622 [info ]: Cached model count updated: 2 models (accurate)
18:53:02.010497 [debug]: License check failed: Feature not licensed: 'lineage'
18:53:02.762382 [info ]: Started loading project
18:53:02.762846 [info ]: Loading ~/.dbt/profiles.yml
18:53:02.771005 [info ]: Started parsing
18:53:02.917396 [info ]: Finished loading project [  0.16s]
18:53:02.919225 [debug]: Finished parsing trading_log_dbt/models/staging/stg_tradelog.sql [  0.00s]
18:53:02.920857 [info ]: Finished parsing [  0.15s]
18:53:02.923975 [info ]: Cached model count updated: 2 models (estimate)
18:53:02.923989 [info ]: Cached model count updated: 2 models (accurate)
18:53:02.924010 [info ]: Started scheduling
18:53:02.924067 [info ]: Finished scheduling [  0.00s]
18:53:02.924078 [debug]: Compilation - 0 nodes selected: {}
18:53:02.924096 [warn ]: [NoNodesForSelectionCriteria (dbt1092)]: The selection criterion '' does not match any enabled nodes
18:53:02.924110 [warn ]: [NoNodesSelected (dbt1601)]: Nothing to do. Try checking your model configs and model specification args
18:53:02.924886 [debug]: License check failed: Feature not licensed: 'lineage'
18:53:02.925289 [info ]: Started building task graph
18:53:02.925323 [info ]: Finished building task graph [  0.00s]
18:53:02.929363 [info ]: Started scheduling
18:53:02.929421 [info ]: Finished scheduling [  0.00s]
18:53:02.932758 [info ]: Cached model count updated: 2 models (accurate)
18:53:03.626781 [debug]: License check failed: Feature not licensed: 'lineage'
18:53:04.161393 [info ]: Started loading project
18:53:04.161730 [info ]: Loading ~/.dbt/profiles.yml
18:53:04.192558 [info ]: Cached model count updated: 2 models (estimate)
18:53:04.192596 [info ]: Cached model count updated: 2 models (accurate)
18:53:04.192623 [info ]: Started scheduling
18:53:04.192672 [info ]: Finished scheduling [  0.00s]
18:53:04.192688 [debug]: Compilation - 1 nodes selected: {"model.trading_log_dbt.stg_tradelog"}
18:53:04.193949 [debug]: License check failed: Feature not licensed: 'lineage'
18:53:04.194531 [info ]: Started building task graph
18:53:04.194709 [info ]: Finished building task graph [  0.00s]
18:53:04.195530 [info ]: Started rendering (1 nodes)
18:53:04.195551 [info ]: Started model main.stg_tradelog
18:53:04.195564 [debug]: Started rendering model main.stg_tradelog
18:53:04.195614 [info ]: Finished loading project [  0.03s]
18:53:04.198214 [debug]: Compiled SQL for node model.trading_log_dbt.stg_tradelog at target/.lsp/compiled/trading_log_dbt/trading_log_dbt/models/staging/stg_tradelog.sql
18:53:04.198590 [debug]: Finished rendering [  0.00s] model main.stg_tradelog [success]
18:53:04.198764 [info ]: Finished rendering [  0.00s] (1 nodes, 0 skipped, 0 errors)
18:53:04.198962 [info ]: Started analyzing (1 nodes)
18:53:04.198973 [debug]: Started analyzing model main.stg_tradelog
18:53:04.201098 [warn ]: [SyntaxInvalid (dbt0101)]: mismatched input 'as' expecting one of 'EXCEPT', 'FROM', 'GROUP', 'HAVING', 'INTERSECT', 'LIMIT', 'MINUS' ...
  --> trading_log_dbt/models/staging/stg_tradelog.sql:22:10 (target/.lsp/compiled/trading_log_dbt/trading_log_dbt/models/staging/stg_tradelog.sql:34:10)
18:53:04.201276 [info ]:  Succeeded [  0.01s] model main.stg_tradelog (view)
18:53:04.201887 [debug]: Finished analyzing [  0.00s] model main.stg_tradelog [success]
18:53:04.201903 [info ]: Finished analyzing [  0.00s] (1 nodes, 0 skipped, 0 errors)
18:53:04.207446 [info ]: Started scheduling
18:53:04.207609 [info ]: Finished scheduling [  0.00s]
18:53:04.208210 [info ]: Cached model count updated: 2 models (accurate)
18:53:09.288484 [info ]: Started loading project
18:53:09.288839 [info ]: Loading ~/.dbt/profiles.yml
18:53:09.298047 [info ]: Started parsing
18:53:09.452385 [info ]: Finished loading project [  0.16s]
18:53:09.453391 [debug]: Finished parsing trading_log_dbt/models/staging/stg_tradelog.sql [  0.00s]
18:53:09.456093 [info ]: Finished parsing [  0.16s]
18:53:09.458327 [info ]: Cached model count updated: 2 models (estimate)
18:53:09.458352 [info ]: Cached model count updated: 2 models (accurate)
18:53:09.458379 [info ]: Started scheduling
18:53:09.458433 [info ]: Finished scheduling [  0.00s]
18:53:09.458452 [debug]: Compilation - 1 nodes selected: {"model.trading_log_dbt.stg_tradelog"}
18:53:09.458936 [debug]: License check failed: Feature not licensed: 'lineage'
18:53:09.459306 [info ]: Started building task graph
18:53:09.459357 [info ]: Finished building task graph [  0.00s]
18:53:09.459891 [info ]: Started rendering (1 nodes)
18:53:09.459924 [info ]: Started model main.stg_tradelog
18:53:09.459937 [debug]: Started rendering model main.stg_tradelog
18:53:09.460876 [debug]: Compiled SQL for node model.trading_log_dbt.stg_tradelog at target/.lsp/compiled/trading_log_dbt/trading_log_dbt/models/staging/stg_tradelog.sql
18:53:09.461019 [debug]: Finished rendering [  0.00s] model main.stg_tradelog [success]
18:53:09.461044 [info ]: Finished rendering [  0.00s] (1 nodes, 0 skipped, 0 errors)
18:53:09.461062 [info ]: Started analyzing (1 nodes)
18:53:09.461071 [debug]: Started analyzing model main.stg_tradelog
18:53:09.462228 [debug]: Finished analyzing [  0.00s] model main.stg_tradelog [success]
18:53:09.462251 [info ]: Finished analyzing [  0.00s] (1 nodes, 0 skipped, 0 errors)
18:53:09.462259 [info ]:  Succeeded [  0.00s] model main.stg_tradelog (view)
18:53:09.464952 [info ]: Started scheduling
18:53:09.465006 [info ]: Finished scheduling [  0.00s]
18:53:09.466044 [info ]: Cached model count updated: 2 models (accurate)
18:53:09.797940 [debug]: License check failed: Feature not licensed: 'lineage'
18:53:10.746830 [info ]: Started loading project
18:53:10.748643 [info ]: Loading ~/.dbt/profiles.yml
18:53:10.799420 [info ]: Cached model count updated: 2 models (estimate)
18:53:10.799674 [info ]: Cached model count updated: 2 models (accurate)
18:53:10.799817 [info ]: Started scheduling
18:53:10.799882 [info ]: Finished scheduling [  0.00s]
18:53:10.799900 [debug]: Compilation - 1 nodes selected: {"model.trading_log_dbt.stg_tradelog"}
18:53:10.800958 [debug]: License check failed: Feature not licensed: 'lineage'
18:53:10.802135 [info ]: Started building task graph
18:53:10.802327 [info ]: Finished building task graph [  0.00s]
18:53:10.803236 [info ]: Started rendering (1 nodes)
18:53:10.803393 [info ]: Started model main.stg_tradelog
18:53:10.803411 [debug]: Started rendering model main.stg_tradelog
18:53:10.803462 [info ]: Finished loading project [  0.06s]
18:53:10.804513 [debug]: Compiled SQL for node model.trading_log_dbt.stg_tradelog at target/.lsp/compiled/trading_log_dbt/trading_log_dbt/models/staging/stg_tradelog.sql
18:53:10.805131 [debug]: Finished rendering [  0.00s] model main.stg_tradelog [success]
18:53:10.805290 [info ]: Finished rendering [  0.00s] (1 nodes, 0 skipped, 0 errors)
18:53:10.805308 [info ]: Started analyzing (1 nodes)
18:53:10.805315 [debug]: Started analyzing model main.stg_tradelog
18:53:10.806427 [debug]: Finished analyzing [  0.00s] model main.stg_tradelog [success]
18:53:10.806443 [info ]: Finished analyzing [  0.00s] (1 nodes, 0 skipped, 0 errors)
18:53:10.806450 [info ]:  Succeeded [  0.00s] model main.stg_tradelog (view)
18:53:10.810503 [info ]: Started scheduling
18:53:10.810535 [info ]: Finished scheduling [  0.00s]
18:53:10.811408 [info ]: Cached model count updated: 2 models (accurate)
18:53:12.115370 [info ]: Started loading project
18:53:12.116522 [info ]: Loading ~/.dbt/profiles.yml
18:53:12.152367 [info ]: Cached model count updated: 2 models (estimate)
18:53:12.152412 [info ]: Cached model count updated: 2 models (accurate)
18:53:12.152438 [info ]: Started scheduling
18:53:12.152615 [info ]: Finished scheduling [  0.00s]
18:53:12.152631 [debug]: Compilation - 1 nodes selected: {"model.trading_log_dbt.stg_tradelog"}
18:53:12.153401 [debug]: License check failed: Feature not licensed: 'lineage'
18:53:12.153779 [info ]: Started building task graph
18:53:12.153816 [info ]: Finished building task graph [  0.00s]
18:53:12.154700 [info ]: Started rendering (1 nodes)
18:53:12.154738 [info ]: Started model main.stg_tradelog
18:53:12.154752 [debug]: Started rendering model main.stg_tradelog
18:53:12.155176 [info ]: Finished loading project [  0.04s]
18:53:12.155554 [debug]: Compiled SQL for node model.trading_log_dbt.stg_tradelog at target/.lsp/compiled/trading_log_dbt/trading_log_dbt/models/staging/stg_tradelog.sql
18:53:12.155670 [info ]: Started analyzing (1 nodes)
18:53:12.155692 [debug]: Started analyzing model main.stg_tradelog
18:53:12.156504 [debug]: Finished analyzing [  0.00s] model main.stg_tradelog [success]
18:53:12.156518 [info ]: Finished analyzing [  0.00s] (1 nodes, 0 skipped, 0 errors)
18:53:12.156526 [info ]:  Succeeded [-------] model main.stg_tradelog (view)
18:53:12.157450 [debug]: Finished rendering [  0.00s] model main.stg_tradelog [success]
18:53:12.157465 [info ]: Finished rendering [  0.00s] (1 nodes, 0 skipped, 0 errors)
18:53:12.162279 [info ]: Started scheduling
18:53:12.162432 [info ]: Finished scheduling [  0.00s]
18:53:12.162871 [info ]: Cached model count updated: 2 models (accurate)
18:53:16.590308 [info ]: Started loading project
18:53:16.590642 [info ]: Loading ~/.dbt/profiles.yml
18:53:16.599018 [info ]: Started parsing
18:53:16.740992 [info ]: Finished loading project [  0.15s]
18:53:16.743503 [debug]: Finished parsing trading_log_dbt/models/staging/stg_tradelog.sql [  0.00s]
18:53:16.746416 [info ]: Finished parsing [  0.15s]
18:53:16.748659 [info ]: Cached model count updated: 2 models (estimate)
18:53:16.748685 [info ]: Cached model count updated: 2 models (accurate)
18:53:16.748710 [info ]: Started scheduling
18:53:16.748763 [info ]: Finished scheduling [  0.00s]
18:53:16.748773 [debug]: Compilation - 1 nodes selected: {"model.trading_log_dbt.stg_tradelog"}
18:53:16.749312 [debug]: License check failed: Feature not licensed: 'lineage'
18:53:16.749619 [info ]: Started building task graph
18:53:16.749667 [info ]: Finished building task graph [  0.00s]
18:53:16.750290 [info ]: Started rendering (1 nodes)
18:53:16.750315 [info ]: Started model main.stg_tradelog
18:53:16.750327 [debug]: Started rendering model main.stg_tradelog
18:53:16.751242 [debug]: Compiled SQL for node model.trading_log_dbt.stg_tradelog at target/.lsp/compiled/trading_log_dbt/trading_log_dbt/models/staging/stg_tradelog.sql
18:53:16.751338 [info ]: Started analyzing (1 nodes)
18:53:16.751347 [debug]: Started analyzing model main.stg_tradelog
18:53:16.752188 [debug]: Finished analyzing [  0.00s] model main.stg_tradelog [success]
18:53:16.752208 [info ]: Finished analyzing [  0.00s] (1 nodes, 0 skipped, 0 errors)
18:53:16.752215 [info ]:  Succeeded [-------] model main.stg_tradelog (view)
18:53:16.752860 [debug]: Finished rendering [  0.00s] model main.stg_tradelog [success]
18:53:16.752870 [info ]: Finished rendering [  0.00s] (1 nodes, 0 skipped, 0 errors)
18:53:16.755415 [info ]: Started scheduling
18:53:16.755462 [info ]: Finished scheduling [  0.00s]
18:53:16.756495 [info ]: Cached model count updated: 2 models (accurate)
18:53:18.072528 [info ]: Started loading project
18:53:18.072863 [info ]: Loading ~/.dbt/profiles.yml
18:53:18.102675 [info ]: Cached model count updated: 2 models (estimate)
18:53:18.102712 [info ]: Cached model count updated: 2 models (accurate)
18:53:18.102741 [info ]: Started scheduling
18:53:18.102801 [info ]: Finished scheduling [  0.00s]
18:53:18.102815 [debug]: Compilation - 1 nodes selected: {"model.trading_log_dbt.stg_tradelog"}
18:53:18.103523 [debug]: License check failed: Feature not licensed: 'lineage'
18:53:18.103908 [info ]: Started building task graph
18:53:18.103945 [info ]: Finished building task graph [  0.00s]
18:53:18.106371 [info ]: Started rendering (1 nodes)
18:53:18.106406 [info ]: Started model main.stg_tradelog
18:53:18.106419 [debug]: Started rendering model main.stg_tradelog
18:53:18.106464 [info ]: Finished loading project [  0.03s]
18:53:18.107094 [debug]: Compiled SQL for node model.trading_log_dbt.stg_tradelog at target/.lsp/compiled/trading_log_dbt/trading_log_dbt/models/staging/stg_tradelog.sql
18:53:18.107202 [info ]: Started analyzing (1 nodes)
18:53:18.107219 [debug]: Started analyzing model main.stg_tradelog
18:53:18.108029 [debug]: Finished analyzing [  0.00s] model main.stg_tradelog [success]
18:53:18.108056 [info ]: Finished analyzing [  0.00s] (1 nodes, 0 skipped, 0 errors)
18:53:18.108064 [info ]:  Succeeded [-------] model main.stg_tradelog (view)
18:53:18.108191 [debug]: Finished rendering [  0.00s] model main.stg_tradelog [success]
18:53:18.108201 [info ]: Finished rendering [  0.00s] (1 nodes, 0 skipped, 0 errors)
18:53:18.115098 [info ]: Started scheduling
18:53:18.115176 [info ]: Finished scheduling [  0.00s]
18:53:18.117971 [info ]: Cached model count updated: 2 models (accurate)
18:53:19.158804 [info ]: Started loading project
18:53:19.159219 [info ]: Loading ~/.dbt/profiles.yml
18:53:19.167911 [info ]: Started parsing
18:53:19.331947 [debug]: Finished parsing trading_log_dbt/models/staging/stg_tradelog.sql [  0.00s]
18:53:19.332468 [info ]: Finished loading project [  0.17s]
18:53:19.336716 [info ]: Finished parsing [  0.17s]
18:53:19.339776 [info ]: Cached model count updated: 2 models (estimate)
18:53:19.339924 [info ]: Cached model count updated: 2 models (accurate)
18:53:19.339953 [info ]: Started scheduling
18:53:19.340005 [info ]: Finished scheduling [  0.00s]
18:53:19.340015 [debug]: Compilation - 1 nodes selected: {"model.trading_log_dbt.stg_tradelog"}
18:53:19.340799 [debug]: License check failed: Feature not licensed: 'lineage'
18:53:19.341354 [info ]: Started building task graph
18:53:19.341517 [info ]: Finished building task graph [  0.00s]
18:53:19.342294 [info ]: Started rendering (1 nodes)
18:53:19.342416 [info ]: Started model main.stg_tradelog
18:53:19.342539 [debug]: Started rendering model main.stg_tradelog
18:53:19.343983 [debug]: Compiled SQL for node model.trading_log_dbt.stg_tradelog at target/.lsp/compiled/trading_log_dbt/trading_log_dbt/models/staging/stg_tradelog.sql
18:53:19.344284 [debug]: Finished rendering [  0.00s] model main.stg_tradelog [success]
18:53:19.344406 [info ]: Finished rendering [  0.00s] (1 nodes, 0 skipped, 0 errors)
18:53:19.344426 [info ]: Started analyzing (1 nodes)
18:53:19.344433 [debug]: Started analyzing model main.stg_tradelog
18:53:19.345226 [warn ]: [SyntaxInvalid (dbt0101)]: no viable alternative at input 'cast(Volume as decimal()'
  --> trading_log_dbt/models/staging/stg_tradelog.sql:22:32 (target/.lsp/compiled/trading_log_dbt/trading_log_dbt/models/staging/stg_tradelog.sql:34:32)
18:53:19.345402 [debug]: Finished analyzing [  0.00s] model main.stg_tradelog [success]
18:53:19.345413 [info ]: Finished analyzing [  0.00s] (1 nodes, 0 skipped, 0 errors)
18:53:19.345420 [info ]:  Succeeded [  0.00s] model main.stg_tradelog (view)
18:53:19.349012 [info ]: Started scheduling
18:53:19.349194 [info ]: Finished scheduling [  0.00s]
18:53:19.350178 [info ]: Cached model count updated: 2 models (accurate)
18:53:19.625450 [debug]: License check failed: Feature not licensed: 'lineage'
18:53:19.975460 [debug]: License check failed: Feature not licensed: 'lineage'
18:53:20.703416 [info ]: Started loading project
18:53:20.703743 [info ]: Loading ~/.dbt/profiles.yml
18:53:20.798090 [info ]: Cached model count updated: 2 models (estimate)
18:53:20.798124 [info ]: Cached model count updated: 2 models (accurate)
18:53:20.798173 [info ]: Started scheduling
18:53:20.798233 [info ]: Finished scheduling [  0.00s]
18:53:20.798248 [debug]: Compilation - 1 nodes selected: {"model.trading_log_dbt.stg_tradelog"}
18:53:20.799017 [debug]: License check failed: Feature not licensed: 'lineage'
18:53:20.799419 [info ]: Started building task graph
18:53:20.799471 [info ]: Finished building task graph [  0.00s]
18:53:20.800221 [info ]: Started rendering (1 nodes)
18:53:20.800255 [info ]: Started model main.stg_tradelog
18:53:20.800269 [debug]: Started rendering model main.stg_tradelog
18:53:20.800315 [info ]: Finished loading project [  0.10s]
18:53:20.800722 [debug]: Compiled SQL for node model.trading_log_dbt.stg_tradelog at target/.lsp/compiled/trading_log_dbt/trading_log_dbt/models/staging/stg_tradelog.sql
18:53:20.800800 [debug]: Finished rendering [  0.00s] model main.stg_tradelog [success]
18:53:20.800811 [info ]: Finished rendering [  0.00s] (1 nodes, 0 skipped, 0 errors)
18:53:20.800826 [info ]: Started analyzing (1 nodes)
18:53:20.800832 [debug]: Started analyzing model main.stg_tradelog
18:53:20.801550 [warn ]: [SyntaxInvalid (dbt0101)]: no viable alternative at input 'cast(Volume as decimal()'
  --> trading_log_dbt/models/staging/stg_tradelog.sql:22:32 (target/.lsp/compiled/trading_log_dbt/trading_log_dbt/models/staging/stg_tradelog.sql:34:32)
18:53:20.801748 [debug]: Finished analyzing [  0.00s] model main.stg_tradelog [success]
18:53:20.801810 [info ]: Finished analyzing [  0.00s] (1 nodes, 0 skipped, 0 errors)
18:53:20.801860 [info ]:  Succeeded [-------] model main.stg_tradelog (view)
18:53:20.805018 [info ]: Started scheduling
18:53:20.805131 [info ]: Finished scheduling [  0.00s]
18:53:20.805760 [info ]: Cached model count updated: 2 models (accurate)
18:53:22.063626 [info ]: Started loading project
18:53:22.064133 [info ]: Loading ~/.dbt/profiles.yml
18:53:22.089550 [info ]: Cached model count updated: 2 models (estimate)
18:53:22.089586 [info ]: Cached model count updated: 2 models (accurate)
18:53:22.089612 [info ]: Started scheduling
18:53:22.089677 [info ]: Finished scheduling [  0.00s]
18:53:22.089691 [debug]: Compilation - 1 nodes selected: {"model.trading_log_dbt.stg_tradelog"}
18:53:22.090342 [debug]: License check failed: Feature not licensed: 'lineage'
18:53:22.090673 [info ]: Started building task graph
18:53:22.090723 [info ]: Finished building task graph [  0.00s]
18:53:22.091288 [info ]: Started rendering (1 nodes)
18:53:22.091320 [info ]: Started model main.stg_tradelog
18:53:22.091333 [debug]: Started rendering model main.stg_tradelog
18:53:22.091379 [info ]: Finished loading project [  0.03s]
18:53:22.091726 [debug]: Compiled SQL for node model.trading_log_dbt.stg_tradelog at target/.lsp/compiled/trading_log_dbt/trading_log_dbt/models/staging/stg_tradelog.sql
18:53:22.091780 [debug]: Finished rendering [  0.00s] model main.stg_tradelog [success]
18:53:22.091792 [info ]: Finished rendering [  0.00s] (1 nodes, 0 skipped, 0 errors)
18:53:22.091806 [info ]: Started analyzing (1 nodes)
18:53:22.091812 [debug]: Started analyzing model main.stg_tradelog
18:53:22.092350 [warn ]: [SyntaxInvalid (dbt0101)]: no viable alternative at input 'cast(Volume as decimal()'
  --> trading_log_dbt/models/staging/stg_tradelog.sql:22:32 (target/.lsp/compiled/trading_log_dbt/trading_log_dbt/models/staging/stg_tradelog.sql:34:32)
18:53:22.092419 [info ]:  Succeeded [-------] model main.stg_tradelog (view)
18:53:22.092434 [debug]: Finished analyzing [  0.00s] model main.stg_tradelog [success]
18:53:22.092443 [info ]: Finished analyzing [  0.00s] (1 nodes, 0 skipped, 0 errors)
18:53:22.094848 [info ]: Started scheduling
18:53:22.094882 [info ]: Finished scheduling [  0.00s]
18:53:22.095523 [info ]: Cached model count updated: 2 models (accurate)
18:53:24.567583 [info ]: Started loading project
18:53:24.567996 [info ]: Loading ~/.dbt/profiles.yml
18:53:24.582260 [info ]: Started parsing
18:53:24.775113 [info ]: Finished loading project [  0.21s]
18:53:24.776771 [debug]: Finished parsing trading_log_dbt/models/staging/stg_tradelog.sql [  0.00s]
18:53:24.783681 [info ]: Finished parsing [  0.20s]
18:53:24.790035 [info ]: Cached model count updated: 2 models (estimate)
18:53:24.790236 [info ]: Cached model count updated: 2 models (accurate)
18:53:24.790271 [info ]: Started scheduling
18:53:24.790806 [info ]: Finished scheduling [  0.00s]
18:53:24.790861 [debug]: Compilation - 1 nodes selected: {"model.trading_log_dbt.stg_tradelog"}
18:53:24.791946 [debug]: License check failed: Feature not licensed: 'lineage'
18:53:24.792619 [info ]: Started building task graph
18:53:24.792834 [info ]: Finished building task graph [  0.00s]
18:53:24.793997 [info ]: Started rendering (1 nodes)
18:53:24.794127 [info ]: Started model main.stg_tradelog
18:53:24.794143 [debug]: Started rendering model main.stg_tradelog
18:53:24.795759 [debug]: Compiled SQL for node model.trading_log_dbt.stg_tradelog at target/.lsp/compiled/trading_log_dbt/trading_log_dbt/models/staging/stg_tradelog.sql
18:53:24.797482 [info ]: Started analyzing (1 nodes)
18:53:24.797533 [debug]: Finished rendering [  0.00s] model main.stg_tradelog [success]
18:53:24.799118 [debug]: Started analyzing model main.stg_tradelog
18:53:24.799124 [info ]: Finished rendering [  0.01s] (1 nodes, 0 skipped, 0 errors)
18:53:24.799796 [warn ]: [SyntaxInvalid (dbt0101)]: no viable alternative at input 'cast(Volume as decimal()'
  --> trading_log_dbt/models/staging/stg_tradelog.sql:22:32 (target/.lsp/compiled/trading_log_dbt/trading_log_dbt/models/staging/stg_tradelog.sql:34:32)
18:53:24.799883 [info ]:  Succeeded [  0.00s] model main.stg_tradelog (view)
18:53:24.802344 [debug]: Finished analyzing [  0.00s] model main.stg_tradelog [success]
18:53:24.802397 [info ]: Finished analyzing [  0.00s] (1 nodes, 0 skipped, 0 errors)
18:53:24.806728 [info ]: Started scheduling
18:53:24.807037 [info ]: Finished scheduling [  0.00s]
18:53:24.808780 [info ]: Cached model count updated: 2 models (accurate)
18:53:26.041629 [info ]: Started loading project
18:53:26.041946 [info ]: Loading ~/.dbt/profiles.yml
18:53:26.068420 [info ]: Cached model count updated: 2 models (estimate)
18:53:26.068736 [info ]: Cached model count updated: 2 models (accurate)
18:53:26.068865 [info ]: Started scheduling
18:53:26.069027 [info ]: Finished scheduling [  0.00s]
18:53:26.069185 [debug]: Compilation - 1 nodes selected: {"model.trading_log_dbt.stg_tradelog"}
18:53:26.069915 [debug]: License check failed: Feature not licensed: 'lineage'
18:53:26.070352 [info ]: Started building task graph
18:53:26.070395 [info ]: Finished building task graph [  0.00s]
18:53:26.071030 [info ]: Started rendering (1 nodes)
18:53:26.071048 [info ]: Started model main.stg_tradelog
18:53:26.071059 [debug]: Started rendering model main.stg_tradelog
18:53:26.071313 [info ]: Finished loading project [  0.03s]
18:53:26.071894 [debug]: Compiled SQL for node model.trading_log_dbt.stg_tradelog at target/.lsp/compiled/trading_log_dbt/trading_log_dbt/models/staging/stg_tradelog.sql
18:53:26.072062 [debug]: Finished rendering [  0.00s] model main.stg_tradelog [success]
18:53:26.072202 [info ]: Finished rendering [  0.00s] (1 nodes, 0 skipped, 0 errors)
18:53:26.072217 [info ]: Started analyzing (1 nodes)
18:53:26.072223 [debug]: Started analyzing model main.stg_tradelog
18:53:26.072859 [warn ]: [SyntaxInvalid (dbt0101)]: no viable alternative at input 'cast(Volume as decimal()'
  --> trading_log_dbt/models/staging/stg_tradelog.sql:22:32 (target/.lsp/compiled/trading_log_dbt/trading_log_dbt/models/staging/stg_tradelog.sql:34:32)
18:53:26.072909 [info ]:  Succeeded [-------] model main.stg_tradelog (view)
18:53:26.074336 [debug]: Finished analyzing [  0.00s] model main.stg_tradelog [success]
18:53:26.074352 [info ]: Finished analyzing [  0.00s] (1 nodes, 0 skipped, 0 errors)
18:53:26.076781 [info ]: Started scheduling
18:53:26.076948 [info ]: Finished scheduling [  0.00s]
18:53:26.077656 [info ]: Cached model count updated: 2 models (accurate)
18:53:27.364506 [info ]: Started loading project
18:53:27.364855 [info ]: Loading ~/.dbt/profiles.yml
18:53:27.384835 [info ]: Cached model count updated: 2 models (estimate)
18:53:27.384879 [info ]: Cached model count updated: 2 models (accurate)
18:53:27.384905 [info ]: Started scheduling
18:53:27.384953 [info ]: Finished scheduling [  0.00s]
18:53:27.384972 [debug]: Compilation - 1 nodes selected: {"model.trading_log_dbt.stg_tradelog"}
18:53:27.385652 [debug]: License check failed: Feature not licensed: 'lineage'
18:53:27.386076 [info ]: Started building task graph
18:53:27.386127 [info ]: Finished building task graph [  0.00s]
18:53:27.386807 [info ]: Started rendering (1 nodes)
18:53:27.386847 [info ]: Started model main.stg_tradelog
18:53:27.386861 [debug]: Started rendering model main.stg_tradelog
18:53:27.386909 [info ]: Finished loading project [  0.02s]
18:53:27.387316 [debug]: Compiled SQL for node model.trading_log_dbt.stg_tradelog at target/.lsp/compiled/trading_log_dbt/trading_log_dbt/models/staging/stg_tradelog.sql
18:53:27.387472 [debug]: Finished rendering [  0.00s] model main.stg_tradelog [success]
18:53:27.387492 [info ]: Finished rendering [  0.00s] (1 nodes, 0 skipped, 0 errors)
18:53:27.387510 [info ]: Started analyzing (1 nodes)
18:53:27.387518 [debug]: Started analyzing model main.stg_tradelog
18:53:27.388115 [warn ]: [SyntaxInvalid (dbt0101)]: no viable alternative at input 'cast(Volume as decimal()'
  --> trading_log_dbt/models/staging/stg_tradelog.sql:22:32 (target/.lsp/compiled/trading_log_dbt/trading_log_dbt/models/staging/stg_tradelog.sql:34:32)
18:53:27.389571 [info ]:  Succeeded [  0.00s] model main.stg_tradelog (view)
18:53:27.389578 [debug]: Finished analyzing [  0.00s] model main.stg_tradelog [success]
18:53:27.389700 [info ]: Finished analyzing [  0.00s] (1 nodes, 0 skipped, 0 errors)
18:53:27.402004 [info ]: Started scheduling
18:53:27.402068 [info ]: Finished scheduling [  0.00s]
18:53:27.402820 [info ]: Cached model count updated: 2 models (accurate)
18:53:28.502078 [info ]: Started loading project
18:53:28.502451 [info ]: Loading ~/.dbt/profiles.yml
18:53:28.514514 [info ]: Started parsing
18:53:28.714105 [info ]: Finished loading project [  0.21s]
18:53:28.717135 [debug]: Finished parsing trading_log_dbt/models/staging/stg_tradelog.sql [  0.00s]
18:53:28.720967 [info ]: Finished parsing [  0.21s]
18:53:28.723594 [info ]: Cached model count updated: 2 models (estimate)
18:53:28.723691 [info ]: Cached model count updated: 2 models (accurate)
18:53:28.723773 [info ]: Started scheduling
18:53:28.723878 [info ]: Finished scheduling [  0.00s]
18:53:28.723938 [debug]: Compilation - 1 nodes selected: {"model.trading_log_dbt.stg_tradelog"}
18:53:28.724544 [debug]: License check failed: Feature not licensed: 'lineage'
18:53:28.724960 [info ]: Started building task graph
18:53:28.725068 [info ]: Finished building task graph [  0.00s]
18:53:28.725817 [info ]: Started rendering (1 nodes)
18:53:28.725908 [info ]: Started model main.stg_tradelog
18:53:28.725974 [debug]: Started rendering model main.stg_tradelog
18:53:28.727020 [debug]: Compiled SQL for node model.trading_log_dbt.stg_tradelog at target/.lsp/compiled/trading_log_dbt/trading_log_dbt/models/staging/stg_tradelog.sql
18:53:28.727279 [debug]: Finished rendering [  0.00s] model main.stg_tradelog [success]
18:53:28.727359 [info ]: Finished rendering [  0.00s] (1 nodes, 0 skipped, 0 errors)
18:53:28.727449 [info ]: Started analyzing (1 nodes)
18:53:28.727534 [debug]: Started analyzing model main.stg_tradelog
18:53:28.731333 [debug]: Finished analyzing [  0.00s] model main.stg_tradelog [success]
18:53:28.731429 [info ]: Finished analyzing [  0.00s] (1 nodes, 0 skipped, 0 errors)
18:53:28.731501 [info ]:  Succeeded [  0.00s] model main.stg_tradelog (view)
18:53:28.735357 [info ]: Started scheduling
18:53:28.735445 [info ]: Finished scheduling [  0.00s]
18:53:28.736477 [info ]: Cached model count updated: 2 models (accurate)
18:53:29.372688 [debug]: License check failed: Feature not licensed: 'lineage'
18:53:29.870858 [debug]: License check failed: Feature not licensed: 'lineage'
18:53:30.043937 [info ]: Started loading project
18:53:30.044321 [info ]: Loading ~/.dbt/profiles.yml
18:53:30.071217 [info ]: Cached model count updated: 2 models (estimate)
18:53:30.071251 [info ]: Cached model count updated: 2 models (accurate)
18:53:30.071278 [info ]: Started scheduling
18:53:30.071334 [info ]: Finished scheduling [  0.00s]
18:53:30.071347 [debug]: Compilation - 1 nodes selected: {"model.trading_log_dbt.stg_tradelog"}
18:53:30.072042 [debug]: License check failed: Feature not licensed: 'lineage'
18:53:30.072448 [info ]: Started building task graph
18:53:30.072484 [info ]: Finished building task graph [  0.00s]
18:53:30.073141 [info ]: Started rendering (1 nodes)
18:53:30.073188 [info ]: Started model main.stg_tradelog
18:53:30.073199 [debug]: Started rendering model main.stg_tradelog
18:53:30.073329 [info ]: Finished loading project [  0.03s]
18:53:30.073651 [debug]: Compiled SQL for node model.trading_log_dbt.stg_tradelog at target/.lsp/compiled/trading_log_dbt/trading_log_dbt/models/staging/stg_tradelog.sql
18:53:30.073827 [debug]: Finished rendering [  0.00s] model main.stg_tradelog [success]
18:53:30.073851 [info ]: Finished rendering [  0.00s] (1 nodes, 0 skipped, 0 errors)
18:53:30.073889 [info ]: Started analyzing (1 nodes)
18:53:30.073900 [debug]: Started analyzing model main.stg_tradelog
18:53:30.074708 [debug]: Finished analyzing [  0.00s] model main.stg_tradelog [success]
18:53:30.074732 [info ]: Finished analyzing [  0.00s] (1 nodes, 0 skipped, 0 errors)
18:53:30.074739 [info ]:  Succeeded [-------] model main.stg_tradelog (view)
18:53:30.077796 [info ]: Started scheduling
18:53:30.077838 [info ]: Finished scheduling [  0.00s]
18:53:30.078376 [info ]: Cached model count updated: 2 models (accurate)
18:53:30.898604 [debug]: License check failed: Feature not licensed: 'lineage'
18:53:31.340035 [info ]: Started loading project
18:53:31.340451 [info ]: Loading ~/.dbt/profiles.yml
18:53:31.358579 [info ]: Cached model count updated: 2 models (estimate)
18:53:31.358614 [info ]: Cached model count updated: 2 models (accurate)
18:53:31.358639 [info ]: Started scheduling
18:53:31.358686 [info ]: Finished scheduling [  0.00s]
18:53:31.358699 [debug]: Compilation - 1 nodes selected: {"model.trading_log_dbt.stg_tradelog"}
18:53:31.359287 [debug]: License check failed: Feature not licensed: 'lineage'
18:53:31.359626 [info ]: Started building task graph
18:53:31.359680 [info ]: Finished building task graph [  0.00s]
18:53:31.360252 [info ]: Started rendering (1 nodes)
18:53:31.360291 [info ]: Started model main.stg_tradelog
18:53:31.360307 [debug]: Started rendering model main.stg_tradelog
18:53:31.360353 [info ]: Finished loading project [  0.02s]
18:53:31.360702 [debug]: Compiled SQL for node model.trading_log_dbt.stg_tradelog at target/.lsp/compiled/trading_log_dbt/trading_log_dbt/models/staging/stg_tradelog.sql
18:53:31.360800 [debug]: Finished rendering [  0.00s] model main.stg_tradelog [success]
18:53:31.360819 [info ]: Finished rendering [  0.00s] (1 nodes, 0 skipped, 0 errors)
18:53:31.360837 [info ]: Started analyzing (1 nodes)
18:53:31.360877 [debug]: Started analyzing model main.stg_tradelog
18:53:31.361590 [debug]: Finished analyzing [  0.00s] model main.stg_tradelog [success]
18:53:31.361616 [info ]: Finished analyzing [  0.00s] (1 nodes, 0 skipped, 0 errors)
18:53:31.361625 [info ]:  Succeeded [-------] model main.stg_tradelog (view)
18:53:31.364187 [info ]: Started scheduling
18:53:31.364227 [info ]: Finished scheduling [  0.00s]
18:53:31.364590 [info ]: Cached model count updated: 2 models (accurate)
18:53:31.944448 [debug]: License check failed: Feature not licensed: 'lineage'
18:53:34.978413 [debug]: License check failed: Feature not licensed: 'lineage'
18:53:40.119438 [debug]: License check failed: Feature not licensed: 'lineage'
18:53:45.409288 [info ]: Started loading project
18:53:45.409672 [info ]: Loading ~/.dbt/profiles.yml
18:53:45.419535 [info ]: Started parsing
18:53:45.707347 [debug]: Finished parsing trading_log_dbt/models/staging/stg_tradelog.sql [  0.00s]
18:53:45.707526 [info ]: Finished loading project [  0.30s]
18:53:45.711214 [info ]: Finished parsing [  0.29s]
18:53:45.713000 [info ]: Cached model count updated: 2 models (estimate)
18:53:45.713030 [info ]: Cached model count updated: 2 models (accurate)
18:53:45.713062 [info ]: Started scheduling
18:53:45.713118 [info ]: Finished scheduling [  0.00s]
18:53:45.713129 [debug]: Compilation - 1 nodes selected: {"model.trading_log_dbt.stg_tradelog"}
18:53:45.713755 [debug]: License check failed: Feature not licensed: 'lineage'
18:53:45.714107 [info ]: Started building task graph
18:53:45.714143 [info ]: Finished building task graph [  0.00s]
18:53:45.714823 [info ]: Started rendering (1 nodes)
18:53:45.714860 [info ]: Started model main.stg_tradelog
18:53:45.714873 [debug]: Started rendering model main.stg_tradelog
18:53:45.715855 [debug]: Compiled SQL for node model.trading_log_dbt.stg_tradelog at target/.lsp/compiled/trading_log_dbt/trading_log_dbt/models/staging/stg_tradelog.sql
18:53:45.715979 [debug]: Finished rendering [  0.00s] model main.stg_tradelog [success]
18:53:45.715996 [info ]: Finished rendering [  0.00s] (1 nodes, 0 skipped, 0 errors)
18:53:45.716011 [info ]: Started analyzing (1 nodes)
18:53:45.716018 [debug]: Started analyzing model main.stg_tradelog
18:53:45.716685 [warn ]: [SyntaxInvalid (dbt0101)]: no viable alternative at input 'ROUND(cast(replace(cast(Price as varchar), ' ', '') as )'
  --> trading_log_dbt/models/staging/stg_tradelog.sql:25:64 (target/.lsp/compiled/trading_log_dbt/trading_log_dbt/models/staging/stg_tradelog.sql:37:64)
18:53:45.716760 [info ]:  Succeeded [  0.00s] model main.stg_tradelog (view)
18:53:45.716772 [debug]: Finished analyzing [  0.00s] model main.stg_tradelog [success]
18:53:45.716780 [info ]: Finished analyzing [  0.00s] (1 nodes, 0 skipped, 0 errors)
18:53:45.721130 [info ]: Started scheduling
18:53:45.721420 [info ]: Finished scheduling [  0.00s]
18:53:45.722402 [info ]: Cached model count updated: 2 models (accurate)
18:53:46.990264 [info ]: Started loading project
18:53:46.990755 [info ]: Loading ~/.dbt/profiles.yml
18:53:47.009079 [info ]: Cached model count updated: 2 models (estimate)
18:53:47.009107 [info ]: Cached model count updated: 2 models (accurate)
18:53:47.009134 [info ]: Started scheduling
18:53:47.009211 [info ]: Finished scheduling [  0.00s]
18:53:47.009227 [debug]: Compilation - 1 nodes selected: {"model.trading_log_dbt.stg_tradelog"}
18:53:47.009742 [debug]: License check failed: Feature not licensed: 'lineage'
18:53:47.010055 [info ]: Started building task graph
18:53:47.010106 [info ]: Finished building task graph [  0.00s]
18:53:47.010647 [info ]: Started rendering (1 nodes)
18:53:47.010680 [info ]: Started model main.stg_tradelog
18:53:47.010693 [debug]: Started rendering model main.stg_tradelog
18:53:47.010732 [info ]: Finished loading project [  0.02s]
18:53:47.011019 [debug]: Compiled SQL for node model.trading_log_dbt.stg_tradelog at target/.lsp/compiled/trading_log_dbt/trading_log_dbt/models/staging/stg_tradelog.sql
18:53:47.011100 [debug]: Finished rendering [  0.00s] model main.stg_tradelog [success]
18:53:47.011119 [info ]: Finished rendering [  0.00s] (1 nodes, 0 skipped, 0 errors)
18:53:47.011135 [info ]: Started analyzing (1 nodes)
18:53:47.011143 [debug]: Started analyzing model main.stg_tradelog
18:53:47.011694 [warn ]: [SyntaxInvalid (dbt0101)]: no viable alternative at input 'ROUND(cast(replace(cast(Price as varchar), ' ', '') as )'
  --> trading_log_dbt/models/staging/stg_tradelog.sql:25:64 (target/.lsp/compiled/trading_log_dbt/trading_log_dbt/models/staging/stg_tradelog.sql:37:64)
18:53:47.011770 [info ]:  Succeeded [-------] model main.stg_tradelog (view)
18:53:47.011806 [debug]: Finished analyzing [  0.00s] model main.stg_tradelog [success]
18:53:47.011815 [info ]: Finished analyzing [  0.00s] (1 nodes, 0 skipped, 0 errors)
18:53:47.013740 [info ]: Started scheduling
18:53:47.013769 [info ]: Finished scheduling [  0.00s]
18:53:47.014260 [info ]: Cached model count updated: 2 models (accurate)
18:53:48.038459 [info ]: Started loading project
18:53:48.038838 [info ]: Loading ~/.dbt/profiles.yml
18:53:48.049282 [info ]: Started parsing
18:53:48.222707 [info ]: Finished loading project [  0.18s]
18:53:48.223547 [debug]: Finished parsing trading_log_dbt/models/staging/stg_tradelog.sql [  0.00s]
18:53:48.225704 [info ]: Finished parsing [  0.18s]
18:53:48.228291 [info ]: Cached model count updated: 2 models (estimate)
18:53:48.228315 [info ]: Cached model count updated: 2 models (accurate)
18:53:48.228335 [info ]: Started scheduling
18:53:48.228400 [info ]: Finished scheduling [  0.00s]
18:53:48.228411 [debug]: Compilation - 0 nodes selected: {}
18:53:48.228430 [warn ]: [NoNodesForSelectionCriteria (dbt1092)]: The selection criterion '' does not match any enabled nodes
18:53:48.228472 [warn ]: [NoNodesSelected (dbt1601)]: Nothing to do. Try checking your model configs and model specification args
18:53:48.229094 [debug]: License check failed: Feature not licensed: 'lineage'
18:53:48.229450 [info ]: Started building task graph
18:53:48.229484 [info ]: Finished building task graph [  0.00s]
18:53:48.232110 [info ]: Started scheduling
18:53:48.232215 [info ]: Finished scheduling [  0.00s]
18:53:48.235277 [info ]: Cached model count updated: 2 models (accurate)
18:53:49.511298 [info ]: Started loading project
18:53:49.511660 [info ]: Loading ~/.dbt/profiles.yml
18:53:49.535497 [info ]: Cached model count updated: 2 models (estimate)
18:53:49.535537 [info ]: Cached model count updated: 2 models (accurate)
18:53:49.535561 [info ]: Started scheduling
18:53:49.535800 [info ]: Finished scheduling [  0.00s]
18:53:49.535828 [debug]: Compilation - 1 nodes selected: {"model.trading_log_dbt.stg_tradelog"}
18:53:49.536647 [debug]: License check failed: Feature not licensed: 'lineage'
18:53:49.537087 [info ]: Started building task graph
18:53:49.537257 [info ]: Finished building task graph [  0.00s]
18:53:49.537934 [info ]: Started rendering (1 nodes)
18:53:49.537968 [info ]: Started model main.stg_tradelog
18:53:49.538089 [debug]: Started rendering model main.stg_tradelog
18:53:49.538253 [info ]: Finished loading project [  0.03s]
18:53:49.539614 [debug]: Compiled SQL for node model.trading_log_dbt.stg_tradelog at target/.lsp/compiled/trading_log_dbt/trading_log_dbt/models/staging/stg_tradelog.sql
18:53:49.539820 [debug]: Finished rendering [  0.00s] model main.stg_tradelog [success]
18:53:49.539843 [info ]: Finished rendering [  0.00s] (1 nodes, 0 skipped, 0 errors)
18:53:49.539951 [info ]: Started analyzing (1 nodes)
18:53:49.539969 [debug]: Started analyzing model main.stg_tradelog
18:53:49.544016 [debug]: Finished analyzing [  0.00s] model main.stg_tradelog [success]
18:53:49.544042 [info ]: Finished analyzing [  0.00s] (1 nodes, 0 skipped, 0 errors)
18:53:49.544051 [info ]:  Succeeded [  0.01s] model main.stg_tradelog (view)
18:53:49.547454 [info ]: Started scheduling
18:53:49.547614 [info ]: Finished scheduling [  0.00s]
18:53:49.548186 [info ]: Cached model count updated: 2 models (accurate)
18:53:56.348602 [debug]: License check failed: Feature not licensed: 'lineage'
18:54:04.450643 [info ]: Started loading project
18:54:04.452617 [info ]: Loading ~/.dbt/profiles.yml
18:54:04.473203 [info ]: Started parsing
18:54:05.072829 [info ]: Finished loading project [  0.62s]
18:54:05.073648 [debug]: Finished parsing trading_log_dbt/models/staging/stg_tradelog.sql [  0.00s]
18:54:05.078719 [info ]: Finished parsing [  0.61s]
18:54:05.082970 [info ]: Cached model count updated: 2 models (estimate)
18:54:05.082997 [info ]: Cached model count updated: 2 models (accurate)
18:54:05.083051 [info ]: Started scheduling
18:54:05.083128 [info ]: Finished scheduling [  0.00s]
18:54:05.083172 [debug]: Compilation - 1 nodes selected: {"model.trading_log_dbt.stg_tradelog"}
18:54:05.083747 [debug]: License check failed: Feature not licensed: 'lineage'
18:54:05.084177 [info ]: Started building task graph
18:54:05.084247 [info ]: Finished building task graph [  0.00s]
18:54:05.084903 [info ]: Started rendering (1 nodes)
18:54:05.084938 [info ]: Started model main.stg_tradelog
18:54:05.084979 [debug]: Started rendering model main.stg_tradelog
18:54:05.086050 [debug]: Compiled SQL for node model.trading_log_dbt.stg_tradelog at target/.lsp/compiled/trading_log_dbt/trading_log_dbt/models/staging/stg_tradelog.sql
18:54:05.086182 [debug]: Finished rendering [  0.00s] model main.stg_tradelog [success]
18:54:05.086204 [info ]: Finished rendering [  0.00s] (1 nodes, 0 skipped, 0 errors)
18:54:05.086247 [info ]: Started analyzing (1 nodes)
18:54:05.086259 [debug]: Started analyzing model main.stg_tradelog
18:54:05.089654 [warn ]: [SyntaxInvalid (dbt0101)]: no viable alternative at input 'Rcast(replace(cast("S / L" as varchar), ' ', '') as'
  --> trading_log_dbt/models/staging/stg_tradelog.sql:26:58 (target/.lsp/compiled/trading_log_dbt/trading_log_dbt/models/staging/stg_tradelog.sql:38:58)
18:54:05.089756 [debug]: Finished analyzing [  0.00s] model main.stg_tradelog [success]
18:54:05.089774 [info ]: Finished analyzing [  0.00s] (1 nodes, 0 skipped, 0 errors)
18:54:05.089782 [info ]:  Succeeded [  0.00s] model main.stg_tradelog (view)
18:54:05.093556 [info ]: Started scheduling
18:54:05.093623 [info ]: Finished scheduling [  0.00s]
18:54:05.094646 [info ]: Cached model count updated: 2 models (accurate)
18:54:06.551394 [info ]: Started loading project
18:54:06.551742 [info ]: Loading ~/.dbt/profiles.yml
18:54:06.574368 [info ]: Cached model count updated: 2 models (estimate)
18:54:06.574401 [info ]: Cached model count updated: 2 models (accurate)
18:54:06.574433 [info ]: Started scheduling
18:54:06.574535 [info ]: Finished scheduling [  0.00s]
18:54:06.574555 [debug]: Compilation - 1 nodes selected: {"model.trading_log_dbt.stg_tradelog"}
18:54:06.575131 [debug]: License check failed: Feature not licensed: 'lineage'
18:54:06.575539 [info ]: Started building task graph
18:54:06.575593 [info ]: Finished building task graph [  0.00s]
18:54:06.576128 [info ]: Started rendering (1 nodes)
18:54:06.576187 [info ]: Started model main.stg_tradelog
18:54:06.576200 [debug]: Started rendering model main.stg_tradelog
18:54:06.576251 [info ]: Finished loading project [  0.02s]
18:54:06.576595 [debug]: Compiled SQL for node model.trading_log_dbt.stg_tradelog at target/.lsp/compiled/trading_log_dbt/trading_log_dbt/models/staging/stg_tradelog.sql
18:54:06.576693 [info ]: Started analyzing (1 nodes)
18:54:06.576714 [debug]: Started analyzing model main.stg_tradelog
18:54:06.576809 [debug]: Finished rendering [  0.00s] model main.stg_tradelog [success]
18:54:06.576923 [info ]: Finished rendering [  0.00s] (1 nodes, 0 skipped, 0 errors)
18:54:06.577422 [warn ]: [SyntaxInvalid (dbt0101)]: no viable alternative at input 'Rcast(replace(cast("S / L" as varchar), ' ', '') as'
  --> trading_log_dbt/models/staging/stg_tradelog.sql:26:58 (target/.lsp/compiled/trading_log_dbt/trading_log_dbt/models/staging/stg_tradelog.sql:38:58)
18:54:06.577526 [info ]:  Succeeded [-------] model main.stg_tradelog (view)
18:54:06.577533 [debug]: Finished analyzing [  0.00s] model main.stg_tradelog [success]
18:54:06.577543 [info ]: Finished analyzing [  0.00s] (1 nodes, 0 skipped, 0 errors)
18:54:06.579976 [info ]: Started scheduling
18:54:06.580015 [info ]: Finished scheduling [  0.00s]
18:54:06.580474 [info ]: Cached model count updated: 2 models (accurate)
18:54:07.329247 [info ]: Started loading project
18:54:07.329648 [info ]: Loading ~/.dbt/profiles.yml
18:54:07.371958 [info ]: Started parsing
18:54:07.623747 [info ]: Finished loading project [  0.29s]
18:54:07.625959 [debug]: Finished parsing trading_log_dbt/models/staging/stg_tradelog.sql [  0.00s]
18:54:07.628894 [info ]: Finished parsing [  0.26s]
18:54:07.634738 [info ]: Cached model count updated: 2 models (estimate)
18:54:07.634761 [info ]: Cached model count updated: 2 models (accurate)
18:54:07.634780 [info ]: Started scheduling
18:54:07.634810 [info ]: Finished scheduling [  0.00s]
18:54:07.634821 [debug]: Compilation - 0 nodes selected: {}
18:54:07.634839 [warn ]: [NoNodesForSelectionCriteria (dbt1092)]: The selection criterion '' does not match any enabled nodes
18:54:07.634855 [warn ]: [NoNodesSelected (dbt1601)]: Nothing to do. Try checking your model configs and model specification args
18:54:07.635448 [debug]: License check failed: Feature not licensed: 'lineage'
18:54:07.635777 [info ]: Started building task graph
18:54:07.635798 [info ]: Finished building task graph [  0.00s]
18:54:07.639862 [info ]: Started scheduling
18:54:07.639918 [info ]: Finished scheduling [  0.00s]
18:54:07.643197 [info ]: Cached model count updated: 2 models (accurate)
18:54:08.964456 [info ]: Started loading project
18:54:08.964834 [info ]: Loading ~/.dbt/profiles.yml
18:54:08.984412 [info ]: Cached model count updated: 2 models (estimate)
18:54:08.984452 [info ]: Cached model count updated: 2 models (accurate)
18:54:08.984480 [info ]: Started scheduling
18:54:08.984529 [info ]: Finished scheduling [  0.00s]
18:54:08.984544 [debug]: Compilation - 1 nodes selected: {"model.trading_log_dbt.stg_tradelog"}
18:54:08.985215 [debug]: License check failed: Feature not licensed: 'lineage'
18:54:08.985586 [info ]: Started building task graph
18:54:08.985638 [info ]: Finished building task graph [  0.00s]
18:54:08.986212 [info ]: Started rendering (1 nodes)
18:54:08.986247 [info ]: Started model main.stg_tradelog
18:54:08.986261 [debug]: Started rendering model main.stg_tradelog
18:54:08.986308 [info ]: Finished loading project [  0.02s]
18:54:08.987251 [debug]: Compiled SQL for node model.trading_log_dbt.stg_tradelog at target/.lsp/compiled/trading_log_dbt/trading_log_dbt/models/staging/stg_tradelog.sql
18:54:08.987445 [debug]: Finished rendering [  0.00s] model main.stg_tradelog [success]
18:54:08.987478 [info ]: Finished rendering [  0.00s] (1 nodes, 0 skipped, 0 errors)
18:54:08.987500 [info ]: Started analyzing (1 nodes)
18:54:08.987508 [debug]: Started analyzing model main.stg_tradelog
18:54:08.990409 [warn ]: [SyntaxInvalid (dbt0101)]: mismatched input 'as' expecting one of 'FROM', 'SELECT', 'TABLE', 'VALUES', '('
  --> trading_log_dbt/models/staging/stg_tradelog.sql:26:71 (target/.lsp/compiled/trading_log_dbt/trading_log_dbt/models/staging/stg_tradelog.sql:38:71)
18:54:08.990505 [info ]:  Succeeded [  0.00s] model main.stg_tradelog (view)
18:54:08.990575 [debug]: Finished analyzing [  0.00s] model main.stg_tradelog [success]
18:54:08.990585 [info ]: Finished analyzing [  0.00s] (1 nodes, 0 skipped, 0 errors)
18:54:08.993997 [info ]: Started scheduling
18:54:08.994066 [info ]: Finished scheduling [  0.00s]
18:54:08.994640 [info ]: Cached model count updated: 2 models (accurate)
18:54:10.266334 [info ]: Started loading project
18:54:10.266753 [info ]: Loading ~/.dbt/profiles.yml
18:54:10.278680 [info ]: Started parsing
18:54:10.494645 [info ]: Finished loading project [  0.23s]
18:54:10.499230 [debug]: Finished parsing trading_log_dbt/models/staging/stg_tradelog.sql [  0.00s]
18:54:10.504676 [info ]: Finished parsing [  0.23s]
18:54:10.507924 [info ]: Cached model count updated: 2 models (estimate)
18:54:10.507949 [info ]: Cached model count updated: 2 models (accurate)
18:54:10.507977 [info ]: Started scheduling
18:54:10.508062 [info ]: Finished scheduling [  0.00s]
18:54:10.508074 [debug]: Compilation - 1 nodes selected: {"model.trading_log_dbt.stg_tradelog"}
18:54:10.508608 [debug]: License check failed: Feature not licensed: 'lineage'
18:54:10.508973 [info ]: Started building task graph
18:54:10.509023 [info ]: Finished building task graph [  0.00s]
18:54:10.509608 [info ]: Started rendering (1 nodes)
18:54:10.509635 [info ]: Started model main.stg_tradelog
18:54:10.509648 [debug]: Started rendering model main.stg_tradelog
18:54:10.510841 [debug]: Compiled SQL for node model.trading_log_dbt.stg_tradelog at target/.lsp/compiled/trading_log_dbt/trading_log_dbt/models/staging/stg_tradelog.sql
18:54:10.510988 [debug]: Finished rendering [  0.00s] model main.stg_tradelog [success]
18:54:10.511001 [info ]: Finished rendering [  0.00s] (1 nodes, 0 skipped, 0 errors)
18:54:10.511017 [info ]: Started analyzing (1 nodes)
18:54:10.511024 [debug]: Started analyzing model main.stg_tradelog
18:54:10.511870 [warn ]: [SyntaxInvalid (dbt0101)]: mismatched input 'as' expecting one of 'FROM', 'SELECT', 'TABLE', 'VALUES', '('
  --> trading_log_dbt/models/staging/stg_tradelog.sql:26:71 (target/.lsp/compiled/trading_log_dbt/trading_log_dbt/models/staging/stg_tradelog.sql:38:71)
18:54:10.512035 [debug]: Finished analyzing [  0.00s] model main.stg_tradelog [success]
18:54:10.512058 [info ]: Finished analyzing [  0.00s] (1 nodes, 0 skipped, 0 errors)
18:54:10.512067 [info ]:  Succeeded [  0.00s] model main.stg_tradelog (view)
18:54:10.514772 [info ]: Started scheduling
18:54:10.514831 [info ]: Finished scheduling [  0.00s]
18:54:10.515664 [info ]: Cached model count updated: 2 models (accurate)
18:54:11.854312 [info ]: Started loading project
18:54:11.855088 [info ]: Loading ~/.dbt/profiles.yml
18:54:11.893369 [info ]: Cached model count updated: 2 models (estimate)
18:54:11.893575 [info ]: Cached model count updated: 2 models (accurate)
18:54:11.893701 [info ]: Started scheduling
18:54:11.893856 [info ]: Finished scheduling [  0.00s]
18:54:11.893977 [debug]: Compilation - 1 nodes selected: {"model.trading_log_dbt.stg_tradelog"}
18:54:11.894805 [debug]: License check failed: Feature not licensed: 'lineage'
18:54:11.895381 [info ]: Started building task graph
18:54:11.895546 [info ]: Finished building task graph [  0.00s]
18:54:11.896275 [info ]: Started rendering (1 nodes)
18:54:11.896299 [info ]: Started model main.stg_tradelog
18:54:11.896311 [debug]: Started rendering model main.stg_tradelog
18:54:11.896368 [info ]: Finished loading project [  0.04s]
18:54:11.896970 [debug]: Compiled SQL for node model.trading_log_dbt.stg_tradelog at target/.lsp/compiled/trading_log_dbt/trading_log_dbt/models/staging/stg_tradelog.sql
18:54:11.897178 [debug]: Finished rendering [  0.00s] model main.stg_tradelog [success]
18:54:11.897310 [info ]: Finished rendering [  0.00s] (1 nodes, 0 skipped, 0 errors)
18:54:11.897408 [info ]: Started analyzing (1 nodes)
18:54:11.897416 [debug]: Started analyzing model main.stg_tradelog
18:54:11.898125 [warn ]: [SyntaxInvalid (dbt0101)]: mismatched input 'as' expecting one of 'FROM', 'SELECT', 'TABLE', 'VALUES', '('
  --> trading_log_dbt/models/staging/stg_tradelog.sql:26:71 (target/.lsp/compiled/trading_log_dbt/trading_log_dbt/models/staging/stg_tradelog.sql:38:71)
18:54:11.898363 [debug]: Finished analyzing [  0.00s] model main.stg_tradelog [success]
18:54:11.898376 [info ]: Finished analyzing [  0.00s] (1 nodes, 0 skipped, 0 errors)
18:54:11.898383 [info ]:  Succeeded [-------] model main.stg_tradelog (view)
18:54:11.902173 [info ]: Started scheduling
18:54:11.902330 [info ]: Finished scheduling [  0.00s]
18:54:11.902928 [info ]: Cached model count updated: 2 models (accurate)
18:54:13.211988 [info ]: Cached model count updated: 2 models (accurate)
18:54:13.212316 [info ]: Waiting for lease on 'target' directory
18:54:13.798116 [info ]: Started loading project
18:54:13.798496 [info ]: Loading ~/.dbt/profiles.yml
18:54:13.810073 [info ]: Started parsing
18:54:14.031671 [info ]: Finished loading project [  0.23s]
18:54:14.032341 [debug]: Finished parsing trading_log_dbt/models/staging/stg_tradelog.sql [  0.00s]
18:54:14.034504 [info ]: Finished parsing [  0.22s]
18:54:14.036591 [info ]: Cached model count updated: 2 models (estimate)
18:54:14.036614 [info ]: Cached model count updated: 2 models (accurate)
18:54:14.036640 [info ]: Started scheduling
18:54:14.036692 [info ]: Finished scheduling [  0.00s]
18:54:14.036709 [debug]: Compilation - 1 nodes selected: {"model.trading_log_dbt.stg_tradelog"}
18:54:14.037218 [debug]: License check failed: Feature not licensed: 'lineage'
18:54:14.037536 [info ]: Started building task graph
18:54:14.037583 [info ]: Finished building task graph [  0.00s]
18:54:14.038126 [info ]: Started rendering (1 nodes)
18:54:14.038201 [info ]: Started model main.stg_tradelog
18:54:14.038215 [debug]: Started rendering model main.stg_tradelog
18:54:14.039233 [debug]: Compiled SQL for node model.trading_log_dbt.stg_tradelog at target/.lsp/compiled/trading_log_dbt/trading_log_dbt/models/staging/stg_tradelog.sql
18:54:14.039345 [debug]: Finished rendering [  0.00s] model main.stg_tradelog [success]
18:54:14.039358 [info ]: Finished rendering [  0.00s] (1 nodes, 0 skipped, 0 errors)
18:54:14.039375 [info ]: Started analyzing (1 nodes)
18:54:14.039383 [debug]: Started analyzing model main.stg_tradelog
18:54:14.039996 [warn ]: [SyntaxInvalid (dbt0101)]: mismatched input 'as' expecting one of 'FROM', 'SELECT', 'TABLE', 'VALUES', '('
  --> trading_log_dbt/models/staging/stg_tradelog.sql:26:71 (target/.lsp/compiled/trading_log_dbt/trading_log_dbt/models/staging/stg_tradelog.sql:38:71)
18:54:14.040098 [debug]: Finished analyzing [  0.00s] model main.stg_tradelog [success]
18:54:14.040109 [info ]: Finished analyzing [  0.00s] (1 nodes, 0 skipped, 0 errors)
18:54:14.040117 [info ]:  Succeeded [  0.00s] model main.stg_tradelog (view)
18:54:14.042617 [info ]: Started scheduling
18:54:14.042669 [info ]: Finished scheduling [  0.00s]
18:54:14.043368 [info ]: Cached model count updated: 2 models (accurate)
18:54:15.362204 [info ]: Started loading project
18:54:15.362535 [info ]: Loading ~/.dbt/profiles.yml
18:54:15.374430 [info ]: Started parsing
18:54:15.394901 [info ]: Finished parsing [  0.02s]
18:54:15.397972 [info ]: Finished loading project [  0.04s]
18:54:15.398387 [info ]: Cached model count updated: 2 models (accurate)
18:54:15.398504 [info ]: Waiting for lease on 'target' directory
18:54:15.862950 [info ]: Started loading project
18:54:15.863386 [info ]: Loading ~/.dbt/profiles.yml
18:54:15.890721 [info ]: Started parsing
18:54:16.340709 [info ]: Finished loading project [  0.48s]
18:54:16.365339 [debug]: Finished parsing trading_log_dbt/models/staging/stg_tradelog.sql [  0.02s]
18:54:16.380054 [info ]: Finished parsing [  0.49s]
18:54:16.391215 [info ]: Cached model count updated: 2 models (estimate)
18:54:16.391365 [info ]: Cached model count updated: 2 models (accurate)
18:54:16.391522 [info ]: Started scheduling
18:54:16.391675 [info ]: Finished scheduling [  0.00s]
18:54:16.391792 [debug]: Compilation - 0 nodes selected: {}
18:54:16.391899 [warn ]: [NoNodesForSelectionCriteria (dbt1092)]: The selection criterion '' does not match any enabled nodes
18:54:16.392008 [warn ]: [NoNodesSelected (dbt1601)]: Nothing to do. Try checking your model configs and model specification args
18:54:16.393036 [debug]: License check failed: Feature not licensed: 'lineage'
18:54:16.393520 [info ]: Started building task graph
18:54:16.393545 [info ]: Finished building task graph [  0.00s]
18:54:16.398079 [info ]: Started scheduling
18:54:16.402445 [info ]: Finished scheduling [  0.00s]
18:54:16.418047 [info ]: Cached model count updated: 2 models (accurate)
18:54:18.054210 [info ]: Started loading project
18:54:18.054651 [info ]: Loading ~/.dbt/profiles.yml
18:54:18.077648 [info ]: Cached model count updated: 2 models (estimate)
18:54:18.077689 [info ]: Cached model count updated: 2 models (accurate)
18:54:18.077716 [info ]: Started scheduling
18:54:18.077767 [info ]: Finished scheduling [  0.00s]
18:54:18.077782 [debug]: Compilation - 1 nodes selected: {"model.trading_log_dbt.stg_tradelog"}
18:54:18.078480 [debug]: License check failed: Feature not licensed: 'lineage'
18:54:18.078882 [info ]: Started building task graph
18:54:18.078919 [info ]: Finished building task graph [  0.00s]
18:54:18.079589 [info ]: Started rendering (1 nodes)
18:54:18.079659 [info ]: Started model main.stg_tradelog
18:54:18.079706 [debug]: Started rendering model main.stg_tradelog
18:54:18.079760 [info ]: Finished loading project [  0.03s]
18:54:18.080629 [debug]: Compiled SQL for node model.trading_log_dbt.stg_tradelog at target/.lsp/compiled/trading_log_dbt/trading_log_dbt/models/staging/stg_tradelog.sql
18:54:18.081602 [debug]: Finished rendering [  0.00s] model main.stg_tradelog [success]
18:54:18.081627 [info ]: Finished rendering [  0.00s] (1 nodes, 0 skipped, 0 errors)
18:54:18.081643 [info ]: Started analyzing (1 nodes)
18:54:18.081652 [debug]: Started analyzing model main.stg_tradelog
18:54:18.082946 [warn ]: [SyntaxInvalid (dbt0101)]: mismatched input 'as' expecting one of 'FROM', 'SELECT', 'TABLE', 'VALUES', '('
  --> trading_log_dbt/models/staging/stg_tradelog.sql:26:71 (target/.lsp/compiled/trading_log_dbt/trading_log_dbt/models/staging/stg_tradelog.sql:38:71)
18:54:18.084862 [debug]: Finished analyzing [  0.00s] model main.stg_tradelog [success]
18:54:18.084880 [info ]: Finished analyzing [  0.00s] (1 nodes, 0 skipped, 0 errors)
18:54:18.084888 [info ]:  Succeeded [  0.00s] model main.stg_tradelog (view)
18:54:18.089378 [info ]: Started scheduling
18:54:18.089435 [info ]: Finished scheduling [  0.00s]
18:54:18.090066 [info ]: Cached model count updated: 2 models (accurate)
18:54:19.249281 [info ]: Started loading project
18:54:19.249615 [info ]: Loading ~/.dbt/profiles.yml
18:54:19.263081 [info ]: Started parsing
18:54:19.541458 [info ]: Finished loading project [  0.29s]
18:54:19.542259 [debug]: Finished parsing trading_log_dbt/models/staging/stg_tradelog.sql [  0.00s]
18:54:19.544641 [info ]: Finished parsing [  0.28s]
18:54:19.547030 [info ]: Cached model count updated: 2 models (estimate)
18:54:19.547053 [info ]: Cached model count updated: 2 models (accurate)
18:54:19.547079 [info ]: Started scheduling
18:54:19.547185 [info ]: Finished scheduling [  0.00s]
18:54:19.547198 [debug]: Compilation - 1 nodes selected: {"model.trading_log_dbt.stg_tradelog"}
18:54:19.547654 [debug]: License check failed: Feature not licensed: 'lineage'
18:54:19.547970 [info ]: Started building task graph
18:54:19.548030 [info ]: Finished building task graph [  0.00s]
18:54:19.548635 [info ]: Started rendering (1 nodes)
18:54:19.548665 [info ]: Started model main.stg_tradelog
18:54:19.548678 [debug]: Started rendering model main.stg_tradelog
18:54:19.549872 [debug]: Compiled SQL for node model.trading_log_dbt.stg_tradelog at target/.lsp/compiled/trading_log_dbt/trading_log_dbt/models/staging/stg_tradelog.sql
18:54:19.550012 [debug]: Finished rendering [  0.00s] model main.stg_tradelog [success]
18:54:19.550023 [info ]: Finished rendering [  0.00s] (1 nodes, 0 skipped, 0 errors)
18:54:19.550035 [info ]: Started analyzing (1 nodes)
18:54:19.550040 [debug]: Started analyzing model main.stg_tradelog
18:54:19.550584 [warn ]: [SyntaxInvalid (dbt0101)]: mismatched input 'as' expecting one of 'FROM', 'SELECT', 'TABLE', 'VALUES', '('
  --> trading_log_dbt/models/staging/stg_tradelog.sql:26:71 (target/.lsp/compiled/trading_log_dbt/trading_log_dbt/models/staging/stg_tradelog.sql:38:71)
18:54:19.550645 [info ]:  Succeeded [  0.00s] model main.stg_tradelog (view)
18:54:19.552216 [debug]: Finished analyzing [  0.00s] model main.stg_tradelog [success]
18:54:19.552235 [info ]: Finished analyzing [  0.00s] (1 nodes, 0 skipped, 0 errors)
18:54:19.553044 [info ]: Started scheduling
18:54:19.553087 [info ]: Finished scheduling [  0.00s]
18:54:19.553994 [info ]: Cached model count updated: 2 models (accurate)
18:54:19.882678 [debug]: License check failed: Feature not licensed: 'lineage'
18:54:20.369442 [debug]: License check failed: Feature not licensed: 'lineage'
18:54:20.806825 [info ]: Started loading project
18:54:20.807180 [info ]: Loading ~/.dbt/profiles.yml
18:54:20.827099 [info ]: Cached model count updated: 2 models (estimate)
18:54:20.827129 [info ]: Cached model count updated: 2 models (accurate)
18:54:20.827176 [info ]: Started scheduling
18:54:20.827236 [info ]: Finished scheduling [  0.00s]
18:54:20.827253 [debug]: Compilation - 1 nodes selected: {"model.trading_log_dbt.stg_tradelog"}
18:54:20.827768 [debug]: License check failed: Feature not licensed: 'lineage'
18:54:20.828086 [info ]: Started building task graph
18:54:20.828136 [info ]: Finished building task graph [  0.00s]
18:54:20.828681 [info ]: Started rendering (1 nodes)
18:54:20.828713 [info ]: Started model main.stg_tradelog
18:54:20.828726 [debug]: Started rendering model main.stg_tradelog
18:54:20.828766 [info ]: Finished loading project [  0.02s]
18:54:20.829076 [debug]: Compiled SQL for node model.trading_log_dbt.stg_tradelog at target/.lsp/compiled/trading_log_dbt/trading_log_dbt/models/staging/stg_tradelog.sql
18:54:20.829184 [debug]: Finished rendering [  0.00s] model main.stg_tradelog [success]
18:54:20.829195 [info ]: Finished rendering [  0.00s] (1 nodes, 0 skipped, 0 errors)
18:54:20.829196 [info ]: Started analyzing (1 nodes)
18:54:20.829207 [debug]: Started analyzing model main.stg_tradelog
18:54:20.829840 [warn ]: [SyntaxInvalid (dbt0101)]: mismatched input 'as' expecting one of 'FROM', 'SELECT', 'TABLE', 'VALUES', '('
  --> trading_log_dbt/models/staging/stg_tradelog.sql:26:71 (target/.lsp/compiled/trading_log_dbt/trading_log_dbt/models/staging/stg_tradelog.sql:38:71)
18:54:20.829911 [info ]:  Succeeded [-------] model main.stg_tradelog (view)
18:54:20.829922 [debug]: Finished analyzing [  0.00s] model main.stg_tradelog [success]
18:54:20.829929 [info ]: Finished analyzing [  0.00s] (1 nodes, 0 skipped, 0 errors)
18:54:20.831808 [info ]: Started scheduling
18:54:20.831838 [info ]: Finished scheduling [  0.00s]
18:54:20.832247 [info ]: Cached model count updated: 2 models (accurate)
18:54:21.686703 [debug]: License check failed: Feature not licensed: 'lineage'
18:54:22.161595 [info ]: Started loading project
18:54:22.162012 [info ]: Loading ~/.dbt/profiles.yml
18:54:22.188483 [info ]: Cached model count updated: 2 models (estimate)
18:54:22.188588 [info ]: Cached model count updated: 2 models (accurate)
18:54:22.188615 [info ]: Started scheduling
18:54:22.188664 [info ]: Finished scheduling [  0.00s]
18:54:22.188680 [debug]: Compilation - 1 nodes selected: {"model.trading_log_dbt.stg_tradelog"}
18:54:22.189773 [debug]: License check failed: Feature not licensed: 'lineage'
18:54:22.190369 [info ]: Started building task graph
18:54:22.190543 [info ]: Finished building task graph [  0.00s]
18:54:22.191321 [info ]: Started rendering (1 nodes)
18:54:22.191439 [info ]: Started model main.stg_tradelog
18:54:22.191549 [debug]: Started rendering model main.stg_tradelog
18:54:22.191686 [info ]: Finished loading project [  0.03s]
18:54:22.191993 [debug]: Compiled SQL for node model.trading_log_dbt.stg_tradelog at target/.lsp/compiled/trading_log_dbt/trading_log_dbt/models/staging/stg_tradelog.sql
18:54:22.193492 [debug]: Finished rendering [  0.00s] model main.stg_tradelog [success]
18:54:22.193585 [info ]: Finished rendering [  0.00s] (1 nodes, 0 skipped, 0 errors)
18:54:22.193602 [info ]: Started analyzing (1 nodes)
18:54:22.193609 [debug]: Started analyzing model main.stg_tradelog
18:54:22.194279 [warn ]: [SyntaxInvalid (dbt0101)]: mismatched input 'as' expecting one of 'FROM', 'SELECT', 'TABLE', 'VALUES', '('
  --> trading_log_dbt/models/staging/stg_tradelog.sql:26:71 (target/.lsp/compiled/trading_log_dbt/trading_log_dbt/models/staging/stg_tradelog.sql:38:71)
18:54:22.194338 [info ]:  Succeeded [  0.00s] model main.stg_tradelog (view)
18:54:22.194377 [debug]: Finished analyzing [  0.00s] model main.stg_tradelog [success]
18:54:22.194386 [info ]: Finished analyzing [  0.00s] (1 nodes, 0 skipped, 0 errors)
18:54:22.197482 [info ]: Started scheduling
18:54:22.197522 [info ]: Finished scheduling [  0.00s]
18:54:22.198023 [info ]: Cached model count updated: 2 models (accurate)
18:54:22.914411 [debug]: License check failed: Feature not licensed: 'lineage'
18:54:25.370445 [debug]: License check failed: Feature not licensed: 'lineage'
18:54:28.933045 [info ]: Started loading project
18:54:28.933617 [info ]: Loading ~/.dbt/profiles.yml
18:54:28.958614 [info ]: Started parsing
18:54:29.301808 [info ]: Finished loading project [  0.37s]
18:54:29.303746 [debug]: Finished parsing trading_log_dbt/models/staging/stg_tradelog.sql [  0.00s]
18:54:29.309393 [info ]: Finished parsing [  0.35s]
18:54:29.312470 [info ]: Cached model count updated: 2 models (estimate)
18:54:29.312612 [info ]: Cached model count updated: 2 models (accurate)
18:54:29.312645 [info ]: Started scheduling
18:54:29.312701 [info ]: Finished scheduling [  0.00s]
18:54:29.312713 [debug]: Compilation - 1 nodes selected: {"model.trading_log_dbt.stg_tradelog"}
18:54:29.313500 [debug]: License check failed: Feature not licensed: 'lineage'
18:54:29.314060 [info ]: Started building task graph
18:54:29.314256 [info ]: Finished building task graph [  0.00s]
18:54:29.315034 [info ]: Started rendering (1 nodes)
18:54:29.315205 [info ]: Started model main.stg_tradelog
18:54:29.315828 [debug]: Started rendering model main.stg_tradelog
18:54:29.317836 [debug]: Compiled SQL for node model.trading_log_dbt.stg_tradelog at target/.lsp/compiled/trading_log_dbt/trading_log_dbt/models/staging/stg_tradelog.sql
18:54:29.318009 [debug]: Finished rendering [  0.00s] model main.stg_tradelog [success]
18:54:29.318023 [info ]: Finished rendering [  0.00s] (1 nodes, 0 skipped, 0 errors)
18:54:29.318040 [info ]: Started analyzing (1 nodes)
18:54:29.318047 [debug]: Started analyzing model main.stg_tradelog
18:54:29.319012 [debug]: Finished analyzing [  0.00s] model main.stg_tradelog [success]
18:54:29.319025 [info ]: Finished analyzing [  0.00s] (1 nodes, 0 skipped, 0 errors)
18:54:29.319032 [info ]:  Succeeded [  0.00s] model main.stg_tradelog (view)
18:54:29.323058 [info ]: Started scheduling
18:54:29.323276 [info ]: Finished scheduling [  0.00s]
18:54:29.324446 [info ]: Cached model count updated: 2 models (accurate)
18:54:29.759893 [debug]: License check failed: Feature not licensed: 'lineage'
18:54:30.439468 [debug]: License check failed: Feature not licensed: 'lineage'
18:54:30.573560 [info ]: Started loading project
18:54:30.574374 [info ]: Loading ~/.dbt/profiles.yml
18:54:30.593576 [info ]: Cached model count updated: 2 models (estimate)
18:54:30.593666 [info ]: Cached model count updated: 2 models (accurate)
18:54:30.593699 [info ]: Started scheduling
18:54:30.593762 [info ]: Finished scheduling [  0.00s]
18:54:30.593776 [debug]: Compilation - 1 nodes selected: {"model.trading_log_dbt.stg_tradelog"}
18:54:30.594426 [debug]: License check failed: Feature not licensed: 'lineage'
18:54:30.594772 [info ]: Started building task graph
18:54:30.594824 [info ]: Finished building task graph [  0.00s]
18:54:30.595531 [info ]: Started rendering (1 nodes)
18:54:30.595560 [info ]: Started model main.stg_tradelog
18:54:30.595571 [debug]: Started rendering model main.stg_tradelog
18:54:30.595619 [info ]: Finished loading project [  0.02s]
18:54:30.596065 [debug]: Compiled SQL for node model.trading_log_dbt.stg_tradelog at target/.lsp/compiled/trading_log_dbt/trading_log_dbt/models/staging/stg_tradelog.sql
18:54:30.596199 [debug]: Finished rendering [  0.00s] model main.stg_tradelog [success]
18:54:30.596222 [info ]: Finished rendering [  0.00s] (1 nodes, 0 skipped, 0 errors)
18:54:30.596236 [info ]: Started analyzing (1 nodes)
18:54:30.596243 [debug]: Started analyzing model main.stg_tradelog
18:54:30.597015 [debug]: Finished analyzing [  0.00s] model main.stg_tradelog [success]
18:54:30.597043 [info ]: Finished analyzing [  0.00s] (1 nodes, 0 skipped, 0 errors)
18:54:30.597051 [info ]:  Succeeded [-------] model main.stg_tradelog (view)
18:54:30.599627 [info ]: Started scheduling
18:54:30.599664 [info ]: Finished scheduling [  0.00s]
18:54:30.600092 [info ]: Cached model count updated: 2 models (accurate)
18:54:31.394926 [debug]: License check failed: Feature not licensed: 'lineage'
18:54:31.860999 [info ]: Started loading project
18:54:31.861483 [info ]: Loading ~/.dbt/profiles.yml
18:54:31.881558 [info ]: Cached model count updated: 2 models (estimate)
18:54:31.881586 [info ]: Cached model count updated: 2 models (accurate)
18:54:31.881612 [info ]: Started scheduling
18:54:31.881659 [info ]: Finished scheduling [  0.00s]
18:54:31.881674 [debug]: Compilation - 1 nodes selected: {"model.trading_log_dbt.stg_tradelog"}
18:54:31.882285 [debug]: License check failed: Feature not licensed: 'lineage'
18:54:31.882614 [info ]: Started building task graph
18:54:31.882665 [info ]: Finished building task graph [  0.00s]
18:54:31.883200 [info ]: Started rendering (1 nodes)
18:54:31.883231 [info ]: Started model main.stg_tradelog
18:54:31.883243 [debug]: Started rendering model main.stg_tradelog
18:54:31.883282 [info ]: Finished loading project [  0.02s]
18:54:31.883600 [debug]: Compiled SQL for node model.trading_log_dbt.stg_tradelog at target/.lsp/compiled/trading_log_dbt/trading_log_dbt/models/staging/stg_tradelog.sql
18:54:31.883668 [info ]: Started analyzing (1 nodes)
18:54:31.883676 [debug]: Started analyzing model main.stg_tradelog
18:54:31.883794 [debug]: Finished rendering [  0.00s] model main.stg_tradelog [success]
18:54:31.883806 [info ]: Finished rendering [  0.00s] (1 nodes, 0 skipped, 0 errors)
18:54:31.884349 [debug]: Finished analyzing [  0.00s] model main.stg_tradelog [success]
18:54:31.884371 [info ]: Finished analyzing [  0.00s] (1 nodes, 0 skipped, 0 errors)
18:54:31.884379 [info ]:  Succeeded [-------] model main.stg_tradelog (view)
18:54:31.886338 [info ]: Started scheduling
18:54:31.886370 [info ]: Finished scheduling [  0.00s]
18:54:31.886813 [info ]: Cached model count updated: 2 models (accurate)
18:54:36.123595 [info ]: Started loading project
18:54:36.123971 [info ]: Loading ~/.dbt/profiles.yml
18:54:36.138453 [info ]: Started parsing
18:54:36.563775 [debug]: Finished parsing trading_log_dbt/models/staging/stg_tradelog.sql [  0.00s]
18:54:36.564343 [info ]: Finished loading project [  0.44s]
18:54:36.568893 [info ]: Finished parsing [  0.43s]
18:54:36.583601 [info ]: Cached model count updated: 2 models (estimate)
18:54:36.583635 [info ]: Cached model count updated: 2 models (accurate)
18:54:36.583666 [info ]: Started scheduling
18:54:36.583725 [info ]: Finished scheduling [  0.00s]
18:54:36.583740 [debug]: Compilation - 1 nodes selected: {"model.trading_log_dbt.stg_tradelog"}
18:54:36.584532 [debug]: License check failed: Feature not licensed: 'lineage'
18:54:36.584939 [info ]: Started building task graph
18:54:36.584979 [info ]: Finished building task graph [  0.00s]
18:54:36.589330 [info ]: Started rendering (1 nodes)
18:54:36.589363 [info ]: Started model main.stg_tradelog
18:54:36.589377 [debug]: Started rendering model main.stg_tradelog
18:54:36.594980 [debug]: Compiled SQL for node model.trading_log_dbt.stg_tradelog at target/.lsp/compiled/trading_log_dbt/trading_log_dbt/models/staging/stg_tradelog.sql
18:54:36.595607 [debug]: Finished rendering [  0.01s] model main.stg_tradelog [success]
18:54:36.595632 [info ]: Finished rendering [  0.01s] (1 nodes, 0 skipped, 0 errors)
18:54:36.595650 [info ]: Started analyzing (1 nodes)
18:54:36.595658 [debug]: Started analyzing model main.stg_tradelog
18:54:36.596568 [warn ]: [SyntaxInvalid (dbt0101)]: no viable alternative at input '(cast(replace(cast("S / L" as varchar), ' ', '') as fl) as'
  --> trading_log_dbt/models/staging/stg_tradelog.sql:26:65 (target/.lsp/compiled/trading_log_dbt/trading_log_dbt/models/staging/stg_tradelog.sql:38:65)
18:54:36.597784 [debug]: Finished analyzing [  0.00s] model main.stg_tradelog [success]
18:54:36.597798 [info ]: Finished analyzing [  0.00s] (1 nodes, 0 skipped, 0 errors)
18:54:36.597807 [info ]:  Succeeded [  0.01s] model main.stg_tradelog (view)
18:54:36.606947 [info ]: Started scheduling
18:54:36.607021 [info ]: Finished scheduling [  0.00s]
18:54:36.610383 [info ]: Cached model count updated: 2 models (accurate)
18:54:36.744707 [debug]: License check failed: Feature not licensed: 'lineage'
18:54:37.922390 [info ]: Started loading project
18:54:37.922794 [info ]: Loading ~/.dbt/profiles.yml
18:54:37.960963 [info ]: Started parsing
18:54:38.244544 [info ]: Finished loading project [  0.32s]
18:54:38.247882 [debug]: Finished parsing trading_log_dbt/models/staging/stg_tradelog.sql [  0.00s]
18:54:38.251575 [info ]: Finished parsing [  0.29s]
18:54:38.251926 [info ]: Cached model count updated: 2 models (estimate)
18:54:38.251953 [info ]: Cached model count updated: 2 models (accurate)
18:54:38.251976 [info ]: Started scheduling
18:54:38.252009 [info ]: Finished scheduling [  0.00s]
18:54:38.252115 [debug]: Compilation - 0 nodes selected: {}
18:54:38.252139 [warn ]: [NoNodesForSelectionCriteria (dbt1092)]: The selection criterion '' does not match any enabled nodes
18:54:38.252183 [warn ]: [NoNodesSelected (dbt1601)]: Nothing to do. Try checking your model configs and model specification args
18:54:38.252668 [debug]: License check failed: Feature not licensed: 'lineage'
18:54:38.253017 [info ]: Started building task graph
18:54:38.253053 [info ]: Finished building task graph [  0.00s]
18:54:38.256595 [info ]: Started scheduling
18:54:38.256706 [info ]: Finished scheduling [  0.00s]
18:54:38.260127 [info ]: Cached model count updated: 2 models (accurate)
18:54:39.621676 [info ]: Started loading project
18:54:39.631136 [info ]: Loading ~/.dbt/profiles.yml
18:54:39.710232 [info ]: Cached model count updated: 2 models (estimate)
18:54:39.710271 [info ]: Cached model count updated: 2 models (accurate)
18:54:39.710298 [info ]: Started scheduling
18:54:39.710531 [info ]: Finished scheduling [  0.00s]
18:54:39.710559 [debug]: Compilation - 1 nodes selected: {"model.trading_log_dbt.stg_tradelog"}
18:54:39.711619 [debug]: License check failed: Feature not licensed: 'lineage'
18:54:39.712124 [info ]: Started building task graph
18:54:39.712303 [info ]: Finished building task graph [  0.00s]
18:54:39.713021 [info ]: Started rendering (1 nodes)
18:54:39.713061 [info ]: Started model main.stg_tradelog
18:54:39.713077 [debug]: Started rendering model main.stg_tradelog
18:54:39.713246 [info ]: Finished loading project [  0.09s]
18:54:39.714376 [debug]: Compiled SQL for node model.trading_log_dbt.stg_tradelog at target/.lsp/compiled/trading_log_dbt/trading_log_dbt/models/staging/stg_tradelog.sql
18:54:39.714527 [debug]: Finished rendering [  0.00s] model main.stg_tradelog [success]
18:54:39.714547 [info ]: Finished rendering [  0.00s] (1 nodes, 0 skipped, 0 errors)
18:54:39.714564 [info ]: Started analyzing (1 nodes)
18:54:39.714572 [debug]: Started analyzing model main.stg_tradelog
18:54:39.715289 [warn ]: [SyntaxInvalid (dbt0101)]: no viable alternative at input '(cast(replace(cast("S / L" as varchar), ' ', '') as )'
  --> trading_log_dbt/models/staging/stg_tradelog.sql:26:61 (target/.lsp/compiled/trading_log_dbt/trading_log_dbt/models/staging/stg_tradelog.sql:38:61)
18:54:39.715367 [info ]:  Succeeded [  0.00s] model main.stg_tradelog (view)
18:54:39.715497 [debug]: Finished analyzing [  0.00s] model main.stg_tradelog [success]
18:54:39.715517 [info ]: Finished analyzing [  0.00s] (1 nodes, 0 skipped, 0 errors)
18:54:39.718972 [info ]: Started scheduling
18:54:39.719017 [info ]: Finished scheduling [  0.00s]
18:54:39.719739 [info ]: Cached model count updated: 2 models (accurate)
18:54:41.142950 [info ]: Started loading project
18:54:41.143351 [info ]: Loading ~/.dbt/profiles.yml
18:54:41.164681 [info ]: Started parsing
18:54:41.411023 [info ]: Finished loading project [  0.27s]
18:54:41.411717 [debug]: Finished parsing trading_log_dbt/models/staging/stg_tradelog.sql [  0.00s]
18:54:41.413704 [info ]: Finished parsing [  0.25s]
18:54:41.416356 [info ]: Cached model count updated: 2 models (estimate)
18:54:41.416380 [info ]: Cached model count updated: 2 models (accurate)
18:54:41.416416 [info ]: Started scheduling
18:54:41.416545 [info ]: Finished scheduling [  0.00s]
18:54:41.416570 [debug]: Compilation - 1 nodes selected: {"model.trading_log_dbt.stg_tradelog"}
18:54:41.417353 [debug]: License check failed: Feature not licensed: 'lineage'
18:54:41.417727 [info ]: Started building task graph
18:54:41.417764 [info ]: Finished building task graph [  0.00s]
18:54:41.418828 [info ]: Started rendering (1 nodes)
18:54:41.418864 [info ]: Started model main.stg_tradelog
18:54:41.418877 [debug]: Started rendering model main.stg_tradelog
18:54:41.419755 [debug]: Compiled SQL for node model.trading_log_dbt.stg_tradelog at target/.lsp/compiled/trading_log_dbt/trading_log_dbt/models/staging/stg_tradelog.sql
18:54:41.419934 [debug]: Finished rendering [  0.00s] model main.stg_tradelog [success]
18:54:41.420047 [info ]: Finished rendering [  0.00s] (1 nodes, 0 skipped, 0 errors)
18:54:41.420145 [info ]: Started analyzing (1 nodes)
18:54:41.420264 [debug]: Started analyzing model main.stg_tradelog
18:54:41.421007 [warn ]: [SyntaxInvalid (dbt0101)]: no viable alternative at input '(cast(replace(cast("S / L" as varchar), ' ', '') as decimal(10, 2)) as'
  --> trading_log_dbt/models/staging/stg_tradelog.sql:26:77 (target/.lsp/compiled/trading_log_dbt/trading_log_dbt/models/staging/stg_tradelog.sql:38:77)
18:54:41.421186 [info ]:  Succeeded [  0.00s] model main.stg_tradelog (view)
18:54:41.422224 [debug]: Finished analyzing [  0.00s] model main.stg_tradelog [success]
18:54:41.422247 [info ]: Finished analyzing [  0.00s] (1 nodes, 0 skipped, 0 errors)
18:54:41.424394 [info ]: Started scheduling
18:54:41.424455 [info ]: Finished scheduling [  0.00s]
18:54:41.425546 [info ]: Cached model count updated: 2 models (accurate)
18:54:41.800268 [debug]: License check failed: Feature not licensed: 'lineage'
18:54:42.246431 [debug]: License check failed: Feature not licensed: 'lineage'
18:54:42.648763 [info ]: Started loading project
18:54:42.649304 [info ]: Loading ~/.dbt/profiles.yml
18:54:42.712297 [info ]: Cached model count updated: 2 models (estimate)
18:54:42.712520 [info ]: Cached model count updated: 2 models (accurate)
18:54:42.712661 [info ]: Started scheduling
18:54:42.712725 [info ]: Finished scheduling [  0.00s]
18:54:42.712742 [debug]: Compilation - 1 nodes selected: {"model.trading_log_dbt.stg_tradelog"}
18:54:42.713490 [debug]: License check failed: Feature not licensed: 'lineage'
18:54:42.713870 [info ]: Started building task graph
18:54:42.713907 [info ]: Finished building task graph [  0.00s]
18:54:42.714776 [info ]: Started rendering (1 nodes)
18:54:42.714953 [info ]: Started model main.stg_tradelog
18:54:42.715088 [debug]: Started rendering model main.stg_tradelog
18:54:42.715144 [info ]: Finished loading project [  0.07s]
18:54:42.716590 [debug]: Compiled SQL for node model.trading_log_dbt.stg_tradelog at target/.lsp/compiled/trading_log_dbt/trading_log_dbt/models/staging/stg_tradelog.sql
18:54:42.716788 [debug]: Finished rendering [  0.00s] model main.stg_tradelog [success]
18:54:42.716807 [info ]: Finished rendering [  0.00s] (1 nodes, 0 skipped, 0 errors)
18:54:42.716824 [info ]: Started analyzing (1 nodes)
18:54:42.716833 [debug]: Started analyzing model main.stg_tradelog
18:54:42.717628 [warn ]: [SyntaxInvalid (dbt0101)]: no viable alternative at input '(cast(replace(cast("S / L" as varchar), ' ', '') as decimal(10, 2)) as'
  --> trading_log_dbt/models/staging/stg_tradelog.sql:26:77 (target/.lsp/compiled/trading_log_dbt/trading_log_dbt/models/staging/stg_tradelog.sql:38:77)
18:54:42.717686 [info ]:  Succeeded [  0.00s] model main.stg_tradelog (view)
18:54:42.718384 [debug]: Finished analyzing [  0.00s] model main.stg_tradelog [success]
18:54:42.718395 [info ]: Finished analyzing [  0.00s] (1 nodes, 0 skipped, 0 errors)
18:54:42.722660 [info ]: Started scheduling
18:54:42.722853 [info ]: Finished scheduling [  0.00s]
18:54:42.724056 [info ]: Cached model count updated: 2 models (accurate)
18:54:43.952041 [info ]: Started loading project
18:54:43.952392 [info ]: Loading ~/.dbt/profiles.yml
18:54:43.971208 [info ]: Cached model count updated: 2 models (estimate)
18:54:43.971238 [info ]: Cached model count updated: 2 models (accurate)
18:54:43.971264 [info ]: Started scheduling
18:54:43.971310 [info ]: Finished scheduling [  0.00s]
18:54:43.971323 [debug]: Compilation - 1 nodes selected: {"model.trading_log_dbt.stg_tradelog"}
18:54:43.971903 [debug]: License check failed: Feature not licensed: 'lineage'
18:54:43.972244 [info ]: Started building task graph
18:54:43.972294 [info ]: Finished building task graph [  0.00s]
18:54:43.972809 [info ]: Started rendering (1 nodes)
18:54:43.972841 [info ]: Started model main.stg_tradelog
18:54:43.972854 [debug]: Started rendering model main.stg_tradelog
18:54:43.972898 [info ]: Finished loading project [  0.02s]
18:54:43.973251 [debug]: Compiled SQL for node model.trading_log_dbt.stg_tradelog at target/.lsp/compiled/trading_log_dbt/trading_log_dbt/models/staging/stg_tradelog.sql
18:54:43.973304 [debug]: Finished rendering [  0.00s] model main.stg_tradelog [success]
18:54:43.973315 [info ]: Finished rendering [  0.00s] (1 nodes, 0 skipped, 0 errors)
18:54:43.973329 [info ]: Started analyzing (1 nodes)
18:54:43.973336 [debug]: Started analyzing model main.stg_tradelog
18:54:43.973882 [warn ]: [SyntaxInvalid (dbt0101)]: no viable alternative at input '(cast(replace(cast("S / L" as varchar), ' ', '') as decimal(10, 2)) as'
  --> trading_log_dbt/models/staging/stg_tradelog.sql:26:77 (target/.lsp/compiled/trading_log_dbt/trading_log_dbt/models/staging/stg_tradelog.sql:38:77)
18:54:43.973951 [info ]:  Succeeded [-------] model main.stg_tradelog (view)
18:54:43.973980 [debug]: Finished analyzing [  0.00s] model main.stg_tradelog [success]
18:54:43.973989 [info ]: Finished analyzing [  0.00s] (1 nodes, 0 skipped, 0 errors)
18:54:43.975765 [info ]: Started scheduling
18:54:43.975796 [info ]: Finished scheduling [  0.00s]
18:54:43.976259 [info ]: Cached model count updated: 2 models (accurate)
18:55:08.653059 [debug]: License check failed: Feature not licensed: 'lineage'
18:55:11.020184 [debug]: License check failed: Feature not licensed: 'lineage'
18:55:14.100446 [info ]: Started loading project
18:55:14.100813 [info ]: Loading ~/.dbt/profiles.yml
18:55:14.114605 [info ]: Started parsing
18:55:14.450256 [info ]: Finished loading project [  0.35s]
18:55:14.453889 [debug]: Finished parsing trading_log_dbt/models/staging/stg_tradelog.sql [  0.00s]
18:55:14.457404 [info ]: Finished parsing [  0.34s]
18:55:14.461410 [info ]: Cached model count updated: 2 models (estimate)
18:55:14.461439 [info ]: Cached model count updated: 2 models (accurate)
18:55:14.461470 [info ]: Started scheduling
18:55:14.461528 [info ]: Finished scheduling [  0.00s]
18:55:14.461549 [debug]: Compilation - 1 nodes selected: {"model.trading_log_dbt.stg_tradelog"}
18:55:14.462367 [debug]: License check failed: Feature not licensed: 'lineage'
18:55:14.462926 [info ]: Started building task graph
18:55:14.463019 [info ]: Finished building task graph [  0.00s]
18:55:14.463760 [info ]: Started rendering (1 nodes)
18:55:14.463835 [info ]: Started model main.stg_tradelog
18:55:14.463891 [debug]: Started rendering model main.stg_tradelog
18:55:14.464987 [debug]: Compiled SQL for node model.trading_log_dbt.stg_tradelog at target/.lsp/compiled/trading_log_dbt/trading_log_dbt/models/staging/stg_tradelog.sql
18:55:14.465812 [debug]: Finished rendering [  0.00s] model main.stg_tradelog [success]
18:55:14.465837 [info ]: Finished rendering [  0.00s] (1 nodes, 0 skipped, 0 errors)
18:55:14.465856 [info ]: Started analyzing (1 nodes)
18:55:14.465865 [debug]: Started analyzing model main.stg_tradelog
18:55:14.466931 [warn ]: [SyntaxInvalid (dbt0101)]: no viable alternative at input '(cast(replace(cast(Price as varchar), ' ', '') as decimal(10, 2)) as'
  --> trading_log_dbt/models/staging/stg_tradelog.sql:25:75 (target/.lsp/compiled/trading_log_dbt/trading_log_dbt/models/staging/stg_tradelog.sql:37:75)
18:55:14.467007 [info ]:  Succeeded [  0.00s] model main.stg_tradelog (view)
18:55:14.467280 [debug]: Finished analyzing [  0.00s] model main.stg_tradelog [success]
18:55:14.467296 [info ]: Finished analyzing [  0.00s] (1 nodes, 0 skipped, 0 errors)
18:55:14.471266 [info ]: Started scheduling
18:55:14.471339 [info ]: Finished scheduling [  0.00s]
18:55:14.472478 [info ]: Cached model count updated: 2 models (accurate)
18:55:15.814498 [info ]: Started loading project
18:55:15.814864 [info ]: Loading ~/.dbt/profiles.yml
18:55:15.847499 [info ]: Cached model count updated: 2 models (estimate)
18:55:15.847598 [info ]: Cached model count updated: 2 models (accurate)
18:55:15.847671 [info ]: Started scheduling
18:55:15.847772 [info ]: Finished scheduling [  0.00s]
18:55:15.847828 [debug]: Compilation - 1 nodes selected: {"model.trading_log_dbt.stg_tradelog"}
18:55:15.848571 [debug]: License check failed: Feature not licensed: 'lineage'
18:55:15.849012 [info ]: Started building task graph
18:55:15.849103 [info ]: Finished building task graph [  0.00s]
18:55:15.849879 [info ]: Started rendering (1 nodes)
18:55:15.849946 [info ]: Started model main.stg_tradelog
18:55:15.849993 [debug]: Started rendering model main.stg_tradelog
18:55:15.850080 [info ]: Finished loading project [  0.04s]
18:55:15.850560 [debug]: Compiled SQL for node model.trading_log_dbt.stg_tradelog at target/.lsp/compiled/trading_log_dbt/trading_log_dbt/models/staging/stg_tradelog.sql
18:55:15.850680 [debug]: Finished rendering [  0.00s] model main.stg_tradelog [success]
18:55:15.850736 [info ]: Finished rendering [  0.00s] (1 nodes, 0 skipped, 0 errors)
18:55:15.850792 [info ]: Started analyzing (1 nodes)
18:55:15.850835 [debug]: Started analyzing model main.stg_tradelog
18:55:15.851639 [warn ]: [SyntaxInvalid (dbt0101)]: no viable alternative at input '(cast(replace(cast(Price as varchar), ' ', '') as decimal(10, 2)) as'
  --> trading_log_dbt/models/staging/stg_tradelog.sql:25:75 (target/.lsp/compiled/trading_log_dbt/trading_log_dbt/models/staging/stg_tradelog.sql:37:75)
18:55:15.851864 [debug]: Finished analyzing [  0.00s] model main.stg_tradelog [success]
18:55:15.851928 [info ]: Finished analyzing [  0.00s] (1 nodes, 0 skipped, 0 errors)
18:55:15.851970 [info ]:  Succeeded [  0.00s] model main.stg_tradelog (view)
18:55:15.854732 [info ]: Started scheduling
18:55:15.854813 [info ]: Finished scheduling [  0.00s]
18:55:15.855396 [info ]: Cached model count updated: 2 models (accurate)
18:55:16.570552 [info ]: Started loading project
18:55:16.571054 [info ]: Loading ~/.dbt/profiles.yml
18:55:16.594823 [info ]: Started parsing
18:55:16.856998 [info ]: Finished loading project [  0.29s]
18:55:16.857558 [debug]: Finished parsing trading_log_dbt/models/staging/stg_tradelog.sql [  0.00s]
18:55:16.859940 [info ]: Finished parsing [  0.27s]
18:55:16.863333 [info ]: Cached model count updated: 2 models (estimate)
18:55:16.863357 [info ]: Cached model count updated: 2 models (accurate)
18:55:16.863459 [info ]: Started scheduling
18:55:16.863521 [info ]: Finished scheduling [  0.00s]
18:55:16.863556 [debug]: Compilation - 1 nodes selected: {"model.trading_log_dbt.stg_tradelog"}
18:55:16.864075 [debug]: License check failed: Feature not licensed: 'lineage'
18:55:16.864515 [info ]: Started building task graph
18:55:16.864593 [info ]: Finished building task graph [  0.00s]
18:55:16.865299 [info ]: Started rendering (1 nodes)
18:55:16.865320 [info ]: Started model main.stg_tradelog
18:55:16.865333 [debug]: Started rendering model main.stg_tradelog
18:55:16.866185 [debug]: Compiled SQL for node model.trading_log_dbt.stg_tradelog at target/.lsp/compiled/trading_log_dbt/trading_log_dbt/models/staging/stg_tradelog.sql
18:55:16.866848 [debug]: Finished rendering [  0.00s] model main.stg_tradelog [success]
18:55:16.866935 [info ]: Finished rendering [  0.00s] (1 nodes, 0 skipped, 0 errors)
18:55:16.866953 [info ]: Started analyzing (1 nodes)
18:55:16.866960 [debug]: Started analyzing model main.stg_tradelog
18:55:16.867546 [warn ]: [SyntaxInvalid (dbt0101)]: no viable alternative at input '(cast(replace(cast(Price as varchar), ' ', '') as decimal(10, 2)) as'
  --> trading_log_dbt/models/staging/stg_tradelog.sql:25:75 (target/.lsp/compiled/trading_log_dbt/trading_log_dbt/models/staging/stg_tradelog.sql:37:75)
18:55:16.867613 [info ]:  Succeeded [  0.00s] model main.stg_tradelog (view)
18:55:16.867644 [debug]: Finished analyzing [  0.00s] model main.stg_tradelog [success]
18:55:16.867654 [info ]: Finished analyzing [  0.00s] (1 nodes, 0 skipped, 0 errors)
18:55:16.870452 [info ]: Started scheduling
18:55:16.870507 [info ]: Finished scheduling [  0.00s]
18:55:16.871474 [info ]: Cached model count updated: 2 models (accurate)
18:55:18.132607 [info ]: Started loading project
18:55:18.133242 [info ]: Loading ~/.dbt/profiles.yml
18:55:18.155118 [info ]: Cached model count updated: 2 models (estimate)
18:55:18.155172 [info ]: Cached model count updated: 2 models (accurate)
18:55:18.155202 [info ]: Started scheduling
18:55:18.155261 [info ]: Finished scheduling [  0.00s]
18:55:18.155275 [debug]: Compilation - 1 nodes selected: {"model.trading_log_dbt.stg_tradelog"}
18:55:18.155837 [debug]: License check failed: Feature not licensed: 'lineage'
18:55:18.156191 [info ]: Started building task graph
18:55:18.156239 [info ]: Finished building task graph [  0.00s]
18:55:18.156776 [info ]: Started rendering (1 nodes)
18:55:18.156808 [info ]: Started model main.stg_tradelog
18:55:18.156822 [debug]: Started rendering model main.stg_tradelog
18:55:18.156874 [info ]: Finished loading project [  0.02s]
18:55:18.157200 [debug]: Compiled SQL for node model.trading_log_dbt.stg_tradelog at target/.lsp/compiled/trading_log_dbt/trading_log_dbt/models/staging/stg_tradelog.sql
18:55:18.157270 [debug]: Finished rendering [  0.00s] model main.stg_tradelog [success]
18:55:18.157284 [info ]: Finished rendering [  0.00s] (1 nodes, 0 skipped, 0 errors)
18:55:18.157301 [info ]: Started analyzing (1 nodes)
18:55:18.157317 [debug]: Started analyzing model main.stg_tradelog
18:55:18.157952 [warn ]: [SyntaxInvalid (dbt0101)]: no viable alternative at input '(cast(replace(cast(Price as varchar), ' ', '') as decimal(10, 2)) as'
  --> trading_log_dbt/models/staging/stg_tradelog.sql:25:75 (target/.lsp/compiled/trading_log_dbt/trading_log_dbt/models/staging/stg_tradelog.sql:37:75)
18:55:18.158032 [info ]:  Succeeded [-------] model main.stg_tradelog (view)
18:55:18.158090 [debug]: Finished analyzing [  0.00s] model main.stg_tradelog [success]
18:55:18.158099 [info ]: Finished analyzing [  0.00s] (1 nodes, 0 skipped, 0 errors)
18:55:18.160712 [info ]: Started scheduling
18:55:18.160756 [info ]: Finished scheduling [  0.00s]
18:55:18.161363 [info ]: Cached model count updated: 2 models (accurate)
18:55:19.454389 [info ]: Started loading project
18:55:19.454786 [info ]: Loading ~/.dbt/profiles.yml
18:55:19.468621 [info ]: Started parsing
18:55:19.578482 [info ]: Finished parsing [  0.11s]
18:55:19.583640 [info ]: Cached model count updated: 2 models (accurate)
18:55:19.583835 [info ]: Waiting for lease on 'target' directory
18:55:19.583880 [info ]: Finished loading project [  0.13s]
18:55:20.051002 [info ]: Started loading project
18:55:20.051368 [info ]: Loading ~/.dbt/profiles.yml
18:55:20.064810 [info ]: Started parsing
18:55:20.407500 [info ]: Finished loading project [  0.36s]
18:55:20.409069 [debug]: Finished parsing trading_log_dbt/models/staging/stg_tradelog.sql [  0.00s]
18:55:20.419409 [info ]: Finished parsing [  0.35s]
18:55:20.423945 [info ]: Cached model count updated: 2 models (estimate)
18:55:20.424219 [info ]: Cached model count updated: 2 models (accurate)
18:55:20.424354 [info ]: Started scheduling
18:55:20.424490 [info ]: Finished scheduling [  0.00s]
18:55:20.424582 [debug]: Compilation - 1 nodes selected: {"model.trading_log_dbt.stg_tradelog"}
18:55:20.425326 [debug]: License check failed: Feature not licensed: 'lineage'
18:55:20.425868 [info ]: Started building task graph
18:55:20.425909 [info ]: Finished building task graph [  0.00s]
18:55:20.426625 [info ]: Started rendering (1 nodes)
18:55:20.426647 [info ]: Started model main.stg_tradelog
18:55:20.426659 [debug]: Started rendering model main.stg_tradelog
18:55:20.428136 [debug]: Compiled SQL for node model.trading_log_dbt.stg_tradelog at target/.lsp/compiled/trading_log_dbt/trading_log_dbt/models/staging/stg_tradelog.sql
18:55:20.428395 [debug]: Finished rendering [  0.00s] model main.stg_tradelog [success]
18:55:20.428516 [info ]: Finished rendering [  0.00s] (1 nodes, 0 skipped, 0 errors)
18:55:20.428628 [info ]: Started analyzing (1 nodes)
18:55:20.428727 [debug]: Started analyzing model main.stg_tradelog
18:55:20.429606 [warn ]: [SyntaxInvalid (dbt0101)]: no viable alternative at input '(cast(replace(cast(Price as varchar), ' ', '') as decimal(10, 2)) as'
  --> trading_log_dbt/models/staging/stg_tradelog.sql:25:75 (target/.lsp/compiled/trading_log_dbt/trading_log_dbt/models/staging/stg_tradelog.sql:37:75)
18:55:20.429826 [debug]: Finished analyzing [  0.00s] model main.stg_tradelog [success]
18:55:20.429922 [info ]: Finished analyzing [  0.00s] (1 nodes, 0 skipped, 0 errors)
18:55:20.430012 [info ]:  Succeeded [  0.00s] model main.stg_tradelog (view)
18:55:20.434250 [info ]: Started scheduling
18:55:20.434386 [info ]: Finished scheduling [  0.00s]
18:55:20.435625 [info ]: Cached model count updated: 2 models (accurate)
18:55:21.665887 [info ]: Started loading project
18:55:21.666370 [info ]: Loading ~/.dbt/profiles.yml
18:55:21.687564 [info ]: Cached model count updated: 2 models (estimate)
18:55:21.687595 [info ]: Cached model count updated: 2 models (accurate)
18:55:21.687625 [info ]: Started scheduling
18:55:21.687682 [info ]: Finished scheduling [  0.00s]
18:55:21.687695 [debug]: Compilation - 1 nodes selected: {"model.trading_log_dbt.stg_tradelog"}
18:55:21.688249 [debug]: License check failed: Feature not licensed: 'lineage'
18:55:21.688571 [info ]: Started building task graph
18:55:21.688621 [info ]: Finished building task graph [  0.00s]
18:55:21.689178 [info ]: Started rendering (1 nodes)
18:55:21.689209 [info ]: Started model main.stg_tradelog
18:55:21.689223 [debug]: Started rendering model main.stg_tradelog
18:55:21.689267 [info ]: Finished loading project [  0.02s]
18:55:21.689551 [debug]: Compiled SQL for node model.trading_log_dbt.stg_tradelog at target/.lsp/compiled/trading_log_dbt/trading_log_dbt/models/staging/stg_tradelog.sql
18:55:21.689615 [debug]: Finished rendering [  0.00s] model main.stg_tradelog [success]
18:55:21.689626 [info ]: Finished rendering [  0.00s] (1 nodes, 0 skipped, 0 errors)
18:55:21.689641 [info ]: Started analyzing (1 nodes)
18:55:21.689648 [debug]: Started analyzing model main.stg_tradelog
18:55:21.690207 [warn ]: [SyntaxInvalid (dbt0101)]: no viable alternative at input '(cast(replace(cast(Price as varchar), ' ', '') as decimal(10, 2)) as'
  --> trading_log_dbt/models/staging/stg_tradelog.sql:25:75 (target/.lsp/compiled/trading_log_dbt/trading_log_dbt/models/staging/stg_tradelog.sql:37:75)
18:55:21.690276 [info ]:  Succeeded [-------] model main.stg_tradelog (view)
18:55:21.690340 [debug]: Finished analyzing [  0.00s] model main.stg_tradelog [success]
18:55:21.690351 [info ]: Finished analyzing [  0.00s] (1 nodes, 0 skipped, 0 errors)
18:55:21.692375 [info ]: Started scheduling
18:55:21.692405 [info ]: Finished scheduling [  0.00s]
18:55:21.692979 [info ]: Cached model count updated: 2 models (accurate)
18:55:22.961282 [info ]: Started loading project
18:55:22.961631 [info ]: Loading ~/.dbt/profiles.yml
18:55:22.993601 [info ]: Cached model count updated: 2 models (estimate)
18:55:22.993635 [info ]: Cached model count updated: 2 models (accurate)
18:55:22.993661 [info ]: Started scheduling
18:55:22.993711 [info ]: Finished scheduling [  0.00s]
18:55:22.993883 [debug]: Compilation - 1 nodes selected: {"model.trading_log_dbt.stg_tradelog"}
18:55:22.994783 [debug]: License check failed: Feature not licensed: 'lineage'
18:55:22.995344 [info ]: Started building task graph
18:55:22.995482 [info ]: Finished building task graph [  0.00s]
18:55:22.996078 [info ]: Started rendering (1 nodes)
18:55:22.996112 [info ]: Started model main.stg_tradelog
18:55:22.996127 [debug]: Started rendering model main.stg_tradelog
18:55:22.996193 [info ]: Finished loading project [  0.03s]
18:55:22.996604 [debug]: Compiled SQL for node model.trading_log_dbt.stg_tradelog at target/.lsp/compiled/trading_log_dbt/trading_log_dbt/models/staging/stg_tradelog.sql
18:55:22.996659 [debug]: Finished rendering [  0.00s] model main.stg_tradelog [success]
18:55:22.996670 [info ]: Finished rendering [  0.00s] (1 nodes, 0 skipped, 0 errors)
18:55:22.996684 [info ]: Started analyzing (1 nodes)
18:55:22.996692 [debug]: Started analyzing model main.stg_tradelog
18:55:22.997279 [warn ]: [SyntaxInvalid (dbt0101)]: no viable alternative at input '(cast(replace(cast(Price as varchar), ' ', '') as decimal(10, 2)) as'
  --> trading_log_dbt/models/staging/stg_tradelog.sql:25:75 (target/.lsp/compiled/trading_log_dbt/trading_log_dbt/models/staging/stg_tradelog.sql:37:75)
18:55:22.997418 [debug]: Finished analyzing [  0.00s] model main.stg_tradelog [success]
18:55:22.997436 [info ]: Finished analyzing [  0.00s] (1 nodes, 0 skipped, 0 errors)
18:55:22.997443 [info ]:  Succeeded [-------] model main.stg_tradelog (view)
18:55:22.999811 [info ]: Started scheduling
18:55:22.999845 [info ]: Finished scheduling [  0.00s]
18:55:23.000383 [info ]: Cached model count updated: 2 models (accurate)
18:55:26.051635 [info ]: Started loading project
18:55:26.052025 [info ]: Loading ~/.dbt/profiles.yml
18:55:26.067009 [info ]: Started parsing
18:55:26.470974 [info ]: Finished loading project [  0.42s]
18:55:26.471891 [debug]: Finished parsing trading_log_dbt/models/staging/stg_tradelog.sql [  0.00s]
18:55:26.476522 [info ]: Finished parsing [  0.41s]
18:55:26.479386 [info ]: Cached model count updated: 2 models (estimate)
18:55:26.479413 [info ]: Cached model count updated: 2 models (accurate)
18:55:26.479440 [info ]: Started scheduling
18:55:26.479524 [info ]: Finished scheduling [  0.00s]
18:55:26.479537 [debug]: Compilation - 1 nodes selected: {"model.trading_log_dbt.stg_tradelog"}
18:55:26.480240 [debug]: License check failed: Feature not licensed: 'lineage'
18:55:26.480581 [info ]: Started building task graph
18:55:26.480631 [info ]: Finished building task graph [  0.00s]
18:55:26.481208 [info ]: Started rendering (1 nodes)
18:55:26.481239 [info ]: Started model main.stg_tradelog
18:55:26.481277 [debug]: Started rendering model main.stg_tradelog
18:55:26.482237 [debug]: Compiled SQL for node model.trading_log_dbt.stg_tradelog at target/.lsp/compiled/trading_log_dbt/trading_log_dbt/models/staging/stg_tradelog.sql
18:55:26.482468 [debug]: Finished rendering [  0.00s] model main.stg_tradelog [success]
18:55:26.482489 [info ]: Finished rendering [  0.00s] (1 nodes, 0 skipped, 0 errors)
18:55:26.482506 [info ]: Started analyzing (1 nodes)
18:55:26.482520 [debug]: Started analyzing model main.stg_tradelog
18:55:26.483080 [warn ]: [SyntaxInvalid (dbt0101)]: no viable alternative at input '(cast(replace(cast(Price as varchar), ' ', '') as decimal(10, 2)) as'
  --> trading_log_dbt/models/staging/stg_tradelog.sql:25:75 (target/.lsp/compiled/trading_log_dbt/trading_log_dbt/models/staging/stg_tradelog.sql:37:75)
18:55:26.483175 [info ]:  Succeeded [  0.00s] model main.stg_tradelog (view)
18:55:26.484203 [debug]: Finished analyzing [  0.00s] model main.stg_tradelog [success]
18:55:26.484223 [info ]: Finished analyzing [  0.00s] (1 nodes, 0 skipped, 0 errors)
18:55:26.487603 [info ]: Started scheduling
18:55:26.487663 [info ]: Finished scheduling [  0.00s]
18:55:26.488708 [info ]: Cached model count updated: 2 models (accurate)
18:55:27.337531 [debug]: License check failed: Feature not licensed: 'lineage'
18:55:27.770303 [info ]: Started loading project
18:55:27.770690 [info ]: Loading ~/.dbt/profiles.yml
18:55:27.790785 [info ]: Cached model count updated: 2 models (estimate)
18:55:27.790819 [info ]: Cached model count updated: 2 models (accurate)
18:55:27.790848 [info ]: Started scheduling
18:55:27.790905 [info ]: Finished scheduling [  0.00s]
18:55:27.790919 [debug]: Compilation - 1 nodes selected: {"model.trading_log_dbt.stg_tradelog"}
18:55:27.791567 [debug]: License check failed: Feature not licensed: 'lineage'
18:55:27.791952 [info ]: Started building task graph
18:55:27.792013 [info ]: Finished building task graph [  0.00s]
18:55:27.792618 [info ]: Started rendering (1 nodes)
18:55:27.792651 [info ]: Started model main.stg_tradelog
18:55:27.792666 [debug]: Started rendering model main.stg_tradelog
18:55:27.792712 [info ]: Finished loading project [  0.02s]
18:55:27.793009 [debug]: Compiled SQL for node model.trading_log_dbt.stg_tradelog at target/.lsp/compiled/trading_log_dbt/trading_log_dbt/models/staging/stg_tradelog.sql
18:55:27.793094 [debug]: Finished rendering [  0.00s] model main.stg_tradelog [success]
18:55:27.793111 [info ]: Finished rendering [  0.00s] (1 nodes, 0 skipped, 0 errors)
18:55:27.793128 [info ]: Started analyzing (1 nodes)
18:55:27.793136 [debug]: Started analyzing model main.stg_tradelog
18:55:27.793747 [warn ]: [SyntaxInvalid (dbt0101)]: no viable alternative at input '(cast(replace(cast(Price as varchar), ' ', '') as decimal(10, 2)) as'
  --> trading_log_dbt/models/staging/stg_tradelog.sql:25:75 (target/.lsp/compiled/trading_log_dbt/trading_log_dbt/models/staging/stg_tradelog.sql:37:75)
18:55:27.793820 [info ]:  Succeeded [-------] model main.stg_tradelog (view)
18:55:27.793869 [debug]: Finished analyzing [  0.00s] model main.stg_tradelog [success]
18:55:27.793877 [info ]: Finished analyzing [  0.00s] (1 nodes, 0 skipped, 0 errors)
18:55:27.796242 [info ]: Started scheduling
18:55:27.796278 [info ]: Finished scheduling [  0.00s]
18:55:27.796721 [info ]: Cached model count updated: 2 models (accurate)
18:55:28.630760 [debug]: License check failed: Feature not licensed: 'lineage'
18:55:29.034414 [info ]: Started loading project
18:55:29.034754 [info ]: Loading ~/.dbt/profiles.yml
18:55:29.055956 [info ]: Cached model count updated: 2 models (estimate)
18:55:29.055989 [info ]: Cached model count updated: 2 models (accurate)
18:55:29.056016 [info ]: Started scheduling
18:55:29.056115 [info ]: Finished scheduling [  0.00s]
18:55:29.056136 [debug]: Compilation - 1 nodes selected: {"model.trading_log_dbt.stg_tradelog"}
18:55:29.056813 [debug]: License check failed: Feature not licensed: 'lineage'
18:55:29.057208 [info ]: Started building task graph
18:55:29.057256 [info ]: Finished building task graph [  0.00s]
18:55:29.057796 [info ]: Started rendering (1 nodes)
18:55:29.057835 [info ]: Started model main.stg_tradelog
18:55:29.057849 [debug]: Started rendering model main.stg_tradelog
18:55:29.057921 [info ]: Finished loading project [  0.02s]
18:55:29.058201 [debug]: Compiled SQL for node model.trading_log_dbt.stg_tradelog at target/.lsp/compiled/trading_log_dbt/trading_log_dbt/models/staging/stg_tradelog.sql
18:55:29.058265 [debug]: Finished rendering [  0.00s] model main.stg_tradelog [success]
18:55:29.058277 [info ]: Finished rendering [  0.00s] (1 nodes, 0 skipped, 0 errors)
18:55:29.058291 [info ]: Started analyzing (1 nodes)
18:55:29.058298 [debug]: Started analyzing model main.stg_tradelog
18:55:29.058876 [warn ]: [SyntaxInvalid (dbt0101)]: no viable alternative at input '(cast(replace(cast(Price as varchar), ' ', '') as decimal(10, 2)) as'
  --> trading_log_dbt/models/staging/stg_tradelog.sql:25:75 (target/.lsp/compiled/trading_log_dbt/trading_log_dbt/models/staging/stg_tradelog.sql:37:75)
18:55:29.058948 [info ]:  Succeeded [-------] model main.stg_tradelog (view)
18:55:29.058961 [debug]: Finished analyzing [  0.00s] model main.stg_tradelog [success]
18:55:29.058969 [info ]: Finished analyzing [  0.00s] (1 nodes, 0 skipped, 0 errors)
18:55:29.061365 [info ]: Started scheduling
18:55:29.061401 [info ]: Finished scheduling [  0.00s]
18:55:29.061887 [info ]: Cached model count updated: 2 models (accurate)
18:55:29.897996 [debug]: License check failed: Feature not licensed: 'lineage'
18:55:32.349811 [debug]: License check failed: Feature not licensed: 'lineage'
18:55:37.543458 [debug]: License check failed: Feature not licensed: 'lineage'
18:56:02.892556 [info ]: Started loading project
18:56:02.892929 [info ]: Loading ~/.dbt/profiles.yml
18:56:02.908921 [info ]: Started parsing
18:56:03.173894 [info ]: Finished loading project [  0.28s]
18:56:03.174132 [debug]: Finished parsing trading_log_dbt/models/staging/stg_tradelog.sql [  0.00s]
18:56:03.177019 [info ]: Finished parsing [  0.27s]
18:56:03.181957 [info ]: Cached model count updated: 2 models (estimate)
18:56:03.181981 [info ]: Cached model count updated: 2 models (accurate)
18:56:03.182011 [info ]: Started scheduling
18:56:03.182103 [info ]: Finished scheduling [  0.00s]
18:56:03.182115 [debug]: Compilation - 0 nodes selected: {}
18:56:03.182134 [warn ]: [NoNodesForSelectionCriteria (dbt1092)]: The selection criterion '' does not match any enabled nodes
18:56:03.182173 [warn ]: [NoNodesSelected (dbt1601)]: Nothing to do. Try checking your model configs and model specification args
18:56:03.182712 [debug]: License check failed: Feature not licensed: 'lineage'
18:56:03.183022 [info ]: Started building task graph
18:56:03.183055 [info ]: Finished building task graph [  0.00s]
18:56:03.185882 [info ]: Started scheduling
18:56:03.185935 [info ]: Finished scheduling [  0.00s]
18:56:03.189746 [info ]: Cached model count updated: 2 models (accurate)
18:56:04.436330 [info ]: Started loading project
18:56:04.436648 [info ]: Loading ~/.dbt/profiles.yml
18:56:04.457871 [info ]: Cached model count updated: 2 models (estimate)
18:56:04.457906 [info ]: Cached model count updated: 2 models (accurate)
18:56:04.457933 [info ]: Started scheduling
18:56:04.457985 [info ]: Finished scheduling [  0.00s]
18:56:04.458011 [debug]: Compilation - 1 nodes selected: {"model.trading_log_dbt.stg_tradelog"}
18:56:04.458683 [debug]: License check failed: Feature not licensed: 'lineage'
18:56:04.459041 [info ]: Started building task graph
18:56:04.459099 [info ]: Finished building task graph [  0.00s]
18:56:04.459679 [info ]: Started rendering (1 nodes)
18:56:04.459724 [info ]: Started model main.stg_tradelog
18:56:04.459739 [debug]: Started rendering model main.stg_tradelog
18:56:04.459789 [info ]: Finished loading project [  0.02s]
18:56:04.460867 [debug]: Compiled SQL for node model.trading_log_dbt.stg_tradelog at target/.lsp/compiled/trading_log_dbt/trading_log_dbt/models/staging/stg_tradelog.sql
18:56:04.461020 [debug]: Finished rendering [  0.00s] model main.stg_tradelog [success]
18:56:04.461050 [info ]: Finished rendering [  0.00s] (1 nodes, 0 skipped, 0 errors)
18:56:04.461066 [info ]: Started analyzing (1 nodes)
18:56:04.461072 [debug]: Started analyzing model main.stg_tradelog
18:56:04.461677 [warn ]: [SyntaxInvalid (dbt0101)]: no viable alternative at input '(cast(replace(cast(Price as varchar), ' ', '') as decimal(10, 2)) as'
  --> trading_log_dbt/models/staging/stg_tradelog.sql:25:75 (target/.lsp/compiled/trading_log_dbt/trading_log_dbt/models/staging/stg_tradelog.sql:37:75)
18:56:04.461753 [info ]:  Succeeded [  0.00s] model main.stg_tradelog (view)
18:56:04.462058 [debug]: Finished analyzing [  0.00s] model main.stg_tradelog [success]
18:56:04.462068 [info ]: Finished analyzing [  0.00s] (1 nodes, 0 skipped, 0 errors)
18:56:04.464404 [info ]: Started scheduling
18:56:04.464447 [info ]: Finished scheduling [  0.00s]
18:56:04.464986 [info ]: Cached model count updated: 2 models (accurate)
18:56:21.537410 [debug]: License check failed: Feature not licensed: 'lineage'
18:56:28.421415 [debug]: License check failed: Feature not licensed: 'lineage'
18:56:33.345384 [debug]: License check failed: Feature not licensed: 'lineage'
18:56:38.512995 [debug]: License check failed: Feature not licensed: 'lineage'
18:56:43.405255 [debug]: License check failed: Feature not licensed: 'lineage'
18:56:48.589459 [debug]: License check failed: Feature not licensed: 'lineage'
18:56:52.363406 [debug]: License check failed: Feature not licensed: 'lineage'
18:56:53.324741 [debug]: License check failed: Feature not licensed: 'lineage'
18:56:57.338412 [debug]: License check failed: Feature not licensed: 'lineage'
18:57:02.451365 [info ]: Started loading project
18:57:02.451773 [info ]: Loading ~/.dbt/profiles.yml
18:57:02.478644 [info ]: Started parsing
18:57:03.671441 [info ]: Finished loading project [  1.22s]
18:57:03.680395 [debug]: Finished parsing trading_log_dbt/models/staging/stg_tradelog.sql [  0.00s]
18:57:03.683736 [info ]: Finished parsing [  1.21s]
18:57:03.687311 [info ]: Cached model count updated: 2 models (estimate)
18:57:03.687466 [info ]: Cached model count updated: 2 models (accurate)
18:57:03.687605 [info ]: Started scheduling
18:57:03.687772 [info ]: Finished scheduling [  0.00s]
18:57:03.687923 [debug]: Compilation - 1 nodes selected: {"model.trading_log_dbt.stg_tradelog"}
18:57:03.688602 [debug]: License check failed: Feature not licensed: 'lineage'
18:57:03.689088 [info ]: Started building task graph
18:57:03.689256 [info ]: Finished building task graph [  0.00s]
18:57:03.689887 [info ]: Started rendering (1 nodes)
18:57:03.689907 [info ]: Started model main.stg_tradelog
18:57:03.689918 [debug]: Started rendering model main.stg_tradelog
18:57:03.691786 [debug]: Compiled SQL for node model.trading_log_dbt.stg_tradelog at target/.lsp/compiled/trading_log_dbt/trading_log_dbt/models/staging/stg_tradelog.sql
18:57:03.692036 [debug]: Finished rendering [  0.00s] model main.stg_tradelog [success]
18:57:03.692053 [info ]: Finished rendering [  0.00s] (1 nodes, 0 skipped, 0 errors)
18:57:03.692068 [info ]: Started analyzing (1 nodes)
18:57:03.692074 [debug]: Started analyzing model main.stg_tradelog
18:57:03.696125 [warn ]: [SyntaxInvalid (dbt0101)]: no viable alternative at input '(cast(replace(cast(Price_1 as varchar), ' ', '') as decimal(10, 2)) as'
  --> trading_log_dbt/models/staging/stg_tradelog.sql:30:77 (target/.lsp/compiled/trading_log_dbt/trading_log_dbt/models/staging/stg_tradelog.sql:42:77)
18:57:03.699319 [debug]: Finished analyzing [  0.01s] model main.stg_tradelog [success]
18:57:03.699343 [info ]: Finished analyzing [  0.01s] (1 nodes, 0 skipped, 0 errors)
18:57:03.699352 [info ]:  Succeeded [  0.01s] model main.stg_tradelog (view)
18:57:03.714562 [info ]: Started scheduling
18:57:03.716201 [info ]: Finished scheduling [  0.00s]
18:57:03.721645 [info ]: Cached model count updated: 2 models (accurate)
18:57:04.552105 [debug]: License check failed: Feature not licensed: 'lineage'
18:57:05.022966 [info ]: Started loading project
18:57:05.023535 [info ]: Loading ~/.dbt/profiles.yml
18:57:05.075571 [info ]: Cached model count updated: 2 models (estimate)
18:57:05.075613 [info ]: Cached model count updated: 2 models (accurate)
18:57:05.075807 [info ]: Started scheduling
18:57:05.075949 [info ]: Finished scheduling [  0.00s]
18:57:05.075980 [debug]: Compilation - 1 nodes selected: {"model.trading_log_dbt.stg_tradelog"}
18:57:05.076833 [debug]: License check failed: Feature not licensed: 'lineage'
18:57:05.077335 [info ]: Started building task graph
18:57:05.077460 [info ]: Finished building task graph [  0.00s]
18:57:05.078270 [info ]: Started rendering (1 nodes)
18:57:05.078305 [info ]: Started model main.stg_tradelog
18:57:05.078342 [debug]: Started rendering model main.stg_tradelog
18:57:05.078410 [info ]: Finished loading project [  0.06s]
18:57:05.078747 [debug]: Compiled SQL for node model.trading_log_dbt.stg_tradelog at target/.lsp/compiled/trading_log_dbt/trading_log_dbt/models/staging/stg_tradelog.sql
18:57:05.078826 [info ]: Started analyzing (1 nodes)
18:57:05.078839 [debug]: Started analyzing model main.stg_tradelog
18:57:05.079790 [warn ]: [SyntaxInvalid (dbt0101)]: no viable alternative at input '(cast(replace(cast(Price_1 as varchar), ' ', '') as decimal(10, 2)) as'
  --> trading_log_dbt/models/staging/stg_tradelog.sql:30:77 (target/.lsp/compiled/trading_log_dbt/trading_log_dbt/models/staging/stg_tradelog.sql:42:77)
18:57:05.079936 [debug]: Finished rendering [  0.00s] model main.stg_tradelog [success]
18:57:05.079961 [info ]: Finished rendering [  0.00s] (1 nodes, 0 skipped, 0 errors)
18:57:05.080808 [debug]: Finished analyzing [  0.00s] model main.stg_tradelog [success]
18:57:05.080835 [info ]: Finished analyzing [  0.00s] (1 nodes, 0 skipped, 0 errors)
18:57:05.080844 [info ]:  Succeeded [  0.00s] model main.stg_tradelog (view)
18:57:05.086204 [info ]: Started scheduling
18:57:05.086238 [info ]: Finished scheduling [  0.00s]
18:57:05.087645 [info ]: Cached model count updated: 2 models (accurate)
18:57:05.905468 [debug]: License check failed: Feature not licensed: 'lineage'
18:57:06.281355 [info ]: Started loading project
18:57:06.281846 [info ]: Loading ~/.dbt/profiles.yml
18:57:06.310449 [info ]: Cached model count updated: 2 models (estimate)
18:57:06.310480 [info ]: Cached model count updated: 2 models (accurate)
18:57:06.310505 [info ]: Started scheduling
18:57:06.310587 [info ]: Finished scheduling [  0.00s]
18:57:06.310602 [debug]: Compilation - 1 nodes selected: {"model.trading_log_dbt.stg_tradelog"}
18:57:06.311100 [debug]: License check failed: Feature not licensed: 'lineage'
18:57:06.311451 [info ]: Started building task graph
18:57:06.311502 [info ]: Finished building task graph [  0.00s]
18:57:06.312025 [info ]: Started rendering (1 nodes)
18:57:06.312057 [info ]: Started model main.stg_tradelog
18:57:06.312075 [debug]: Started rendering model main.stg_tradelog
18:57:06.312132 [info ]: Finished loading project [  0.03s]
18:57:06.312455 [debug]: Compiled SQL for node model.trading_log_dbt.stg_tradelog at target/.lsp/compiled/trading_log_dbt/trading_log_dbt/models/staging/stg_tradelog.sql
18:57:06.312535 [debug]: Finished rendering [  0.00s] model main.stg_tradelog [success]
18:57:06.312546 [info ]: Finished rendering [  0.00s] (1 nodes, 0 skipped, 0 errors)
18:57:06.312560 [info ]: Started analyzing (1 nodes)
18:57:06.312568 [debug]: Started analyzing model main.stg_tradelog
18:57:06.313403 [warn ]: [SyntaxInvalid (dbt0101)]: no viable alternative at input '(cast(replace(cast(Price_1 as varchar), ' ', '') as decimal(10, 2)) as'
  --> trading_log_dbt/models/staging/stg_tradelog.sql:30:77 (target/.lsp/compiled/trading_log_dbt/trading_log_dbt/models/staging/stg_tradelog.sql:42:77)
18:57:06.313459 [info ]:  Succeeded [-------] model main.stg_tradelog (view)
18:57:06.313919 [debug]: Finished analyzing [  0.00s] model main.stg_tradelog [success]
18:57:06.313930 [info ]: Finished analyzing [  0.00s] (1 nodes, 0 skipped, 0 errors)
18:57:06.316531 [info ]: Started scheduling
18:57:06.316563 [info ]: Finished scheduling [  0.00s]
18:57:06.317343 [info ]: Cached model count updated: 2 models (accurate)
18:57:07.176622 [debug]: License check failed: Feature not licensed: 'lineage'
18:57:10.317180 [info ]: Started loading project
18:57:10.317817 [info ]: Loading ~/.dbt/profiles.yml
18:57:10.337971 [info ]: Started parsing
18:57:10.692331 [info ]: Finished loading project [  0.38s]
18:57:10.692835 [debug]: Finished parsing trading_log_dbt/models/staging/stg_tradelog.sql [  0.00s]
18:57:10.694769 [info ]: Finished parsing [  0.36s]
18:57:10.698073 [info ]: Cached model count updated: 2 models (estimate)
18:57:10.698095 [info ]: Cached model count updated: 2 models (accurate)
18:57:10.698116 [info ]: Started scheduling
18:57:10.698170 [info ]: Finished scheduling [  0.00s]
18:57:10.698182 [debug]: Compilation - 0 nodes selected: {}
18:57:10.698199 [warn ]: [NoNodesForSelectionCriteria (dbt1092)]: The selection criterion '' does not match any enabled nodes
18:57:10.698213 [warn ]: [NoNodesSelected (dbt1601)]: Nothing to do. Try checking your model configs and model specification args
18:57:10.698747 [debug]: License check failed: Feature not licensed: 'lineage'
18:57:10.699096 [info ]: Started building task graph
18:57:10.699117 [info ]: Finished building task graph [  0.00s]
18:57:10.703024 [info ]: Started scheduling
18:57:10.703146 [info ]: Finished scheduling [  0.00s]
18:57:10.707542 [info ]: Cached model count updated: 2 models (accurate)
18:57:11.959653 [info ]: Cached model count updated: 2 models (accurate)
18:57:11.959815 [info ]: Waiting for lease on 'target' directory
18:57:12.529464 [info ]: Started loading project
18:57:12.529828 [info ]: Loading ~/.dbt/profiles.yml
18:57:12.551739 [info ]: Started parsing
18:57:12.846748 [info ]: Finished loading project [  0.32s]
18:57:12.847625 [debug]: Finished parsing trading_log_dbt/models/staging/stg_tradelog.sql [  0.00s]
18:57:12.850576 [info ]: Finished parsing [  0.30s]
18:57:12.853685 [info ]: Cached model count updated: 2 models (estimate)
18:57:12.853711 [info ]: Cached model count updated: 2 models (accurate)
18:57:12.853778 [info ]: Started scheduling
18:57:12.853837 [info ]: Finished scheduling [  0.00s]
18:57:12.853850 [debug]: Compilation - 1 nodes selected: {"model.trading_log_dbt.stg_tradelog"}
18:57:12.854576 [debug]: License check failed: Feature not licensed: 'lineage'
18:57:12.854906 [info ]: Started building task graph
18:57:12.854956 [info ]: Finished building task graph [  0.00s]
18:57:12.855533 [info ]: Started rendering (1 nodes)
18:57:12.855567 [info ]: Started model main.stg_tradelog
18:57:12.855580 [debug]: Started rendering model main.stg_tradelog
18:57:12.856319 [debug]: Compiled SQL for node model.trading_log_dbt.stg_tradelog at target/.lsp/compiled/trading_log_dbt/trading_log_dbt/models/staging/stg_tradelog.sql
18:57:12.856453 [debug]: Finished rendering [  0.00s] model main.stg_tradelog [success]
18:57:12.856473 [info ]: Finished rendering [  0.00s] (1 nodes, 0 skipped, 0 errors)
18:57:12.856489 [info ]: Started analyzing (1 nodes)
18:57:12.856498 [debug]: Started analyzing model main.stg_tradelog
18:57:12.857249 [debug]: Finished analyzing [  0.00s] model main.stg_tradelog [success]
18:57:12.857271 [info ]: Finished analyzing [  0.00s] (1 nodes, 0 skipped, 0 errors)
18:57:12.857279 [info ]:  Succeeded [-------] model main.stg_tradelog (view)
18:57:12.860519 [info ]: Started scheduling
18:57:12.860569 [info ]: Finished scheduling [  0.00s]
18:57:12.861454 [info ]: Cached model count updated: 2 models (accurate)
18:57:13.647109 [debug]: License check failed: Feature not licensed: 'lineage'
18:57:14.158943 [info ]: Started loading project
18:57:14.160098 [info ]: Loading ~/.dbt/profiles.yml
18:57:14.265211 [info ]: Cached model count updated: 2 models (estimate)
18:57:14.265704 [info ]: Cached model count updated: 2 models (accurate)
18:57:14.266002 [info ]: Started scheduling
18:57:14.266341 [info ]: Finished scheduling [  0.00s]
18:57:14.266493 [debug]: Compilation - 1 nodes selected: {"model.trading_log_dbt.stg_tradelog"}
18:57:14.267988 [debug]: License check failed: Feature not licensed: 'lineage'
18:57:14.268615 [info ]: Started building task graph
18:57:14.268854 [info ]: Finished building task graph [  0.00s]
18:57:14.270061 [info ]: Started rendering (1 nodes)
18:57:14.270262 [info ]: Started model main.stg_tradelog
18:57:14.270284 [debug]: Started rendering model main.stg_tradelog
18:57:14.270338 [info ]: Finished loading project [  0.11s]
18:57:14.271283 [debug]: Compiled SQL for node model.trading_log_dbt.stg_tradelog at target/.lsp/compiled/trading_log_dbt/trading_log_dbt/models/staging/stg_tradelog.sql
18:57:14.272036 [debug]: Finished rendering [  0.00s] model main.stg_tradelog [success]
18:57:14.272054 [info ]: Finished rendering [  0.00s] (1 nodes, 0 skipped, 0 errors)
18:57:14.272070 [info ]: Started analyzing (1 nodes)
18:57:14.272077 [debug]: Started analyzing model main.stg_tradelog
18:57:14.272846 [debug]: Finished analyzing [  0.00s] model main.stg_tradelog [success]
18:57:14.272857 [info ]: Finished analyzing [  0.00s] (1 nodes, 0 skipped, 0 errors)
18:57:14.272865 [info ]:  Succeeded [  0.00s] model main.stg_tradelog (view)
18:57:14.281026 [info ]: Started scheduling
18:57:14.281342 [info ]: Finished scheduling [  0.00s]
18:57:14.283703 [info ]: Cached model count updated: 2 models (accurate)
18:57:15.160067 [debug]: License check failed: Feature not licensed: 'lineage'
18:57:15.486720 [info ]: Started loading project
18:57:15.487091 [info ]: Loading ~/.dbt/profiles.yml
18:57:15.525514 [info ]: Cached model count updated: 2 models (estimate)
18:57:15.525821 [info ]: Cached model count updated: 2 models (accurate)
18:57:15.525851 [info ]: Started scheduling
18:57:15.525903 [info ]: Finished scheduling [  0.00s]
18:57:15.525918 [debug]: Compilation - 1 nodes selected: {"model.trading_log_dbt.stg_tradelog"}
18:57:15.527011 [debug]: License check failed: Feature not licensed: 'lineage'
18:57:15.527587 [info ]: Started building task graph
18:57:15.527791 [info ]: Finished building task graph [  0.00s]
18:57:15.529608 [info ]: Started rendering (1 nodes)
18:57:15.530393 [info ]: Started model main.stg_tradelog
18:57:15.530765 [debug]: Started rendering model main.stg_tradelog
18:57:15.532274 [info ]: Finished loading project [  0.05s]
18:57:15.533083 [debug]: Compiled SQL for node model.trading_log_dbt.stg_tradelog at target/.lsp/compiled/trading_log_dbt/trading_log_dbt/models/staging/stg_tradelog.sql
18:57:15.533197 [debug]: Finished rendering [  0.00s] model main.stg_tradelog [success]
18:57:15.533210 [info ]: Finished rendering [  0.00s] (1 nodes, 0 skipped, 0 errors)
18:57:15.533225 [info ]: Started analyzing (1 nodes)
18:57:15.533232 [debug]: Started analyzing model main.stg_tradelog
18:57:15.533943 [debug]: Finished analyzing [  0.00s] model main.stg_tradelog [success]
18:57:15.533952 [info ]: Finished analyzing [  0.00s] (1 nodes, 0 skipped, 0 errors)
18:57:15.533958 [info ]:  Succeeded [  0.00s] model main.stg_tradelog (view)
18:57:15.537710 [info ]: Started scheduling
18:57:15.537897 [info ]: Finished scheduling [  0.00s]
18:57:15.538763 [info ]: Cached model count updated: 2 models (accurate)
18:57:16.351125 [debug]: License check failed: Feature not licensed: 'lineage'
18:57:20.062479 [debug]: License check failed: Feature not licensed: 'lineage'
18:57:25.240921 [debug]: License check failed: Feature not licensed: 'lineage'
18:57:31.480746 [debug]: License check failed: Feature not licensed: 'lineage'
18:57:35.475225 [debug]: License check failed: Feature not licensed: 'lineage'
18:57:40.562843 [debug]: License check failed: Feature not licensed: 'lineage'
18:57:41.579735 [debug]: License check failed: Feature not licensed: 'lineage'
18:57:46.551471 [debug]: License check failed: Feature not licensed: 'lineage'
18:57:51.176407 [debug]: License check failed: Feature not licensed: 'lineage'
18:57:56.368905 [debug]: License check failed: Feature not licensed: 'lineage'
18:58:01.502593 [debug]: License check failed: Feature not licensed: 'lineage'
18:58:06.621897 [debug]: License check failed: Feature not licensed: 'lineage'
18:58:11.739940 [debug]: License check failed: Feature not licensed: 'lineage'
18:58:16.923699 [debug]: License check failed: Feature not licensed: 'lineage'
18:58:21.821472 [debug]: License check failed: Feature not licensed: 'lineage'
18:58:26.743144 [debug]: License check failed: Feature not licensed: 'lineage'
18:58:31.809779 [debug]: License check failed: Feature not licensed: 'lineage'
